task,seed,outer_fold,control_prior,control_display,lambda_fc,lambda_l,fp_r_matched,fp_r_control,fp_delta_r,fp_rmse_matched,fp_rmse_control,fp_mae_matched,fp_mae_control,fused_r_matched,fused_r_control,fused_delta_r,fused_rmse_matched,fused_rmse_control,fused_mae_matched,fused_mae_control,w_fp,w_sc
working_memory,0,0,cross_task,Cross-task,0.1,5.0,0.20373628045577885,0.16851119681647952,-0.035225083639299326,10.292766509065551,10.904966693228326,8.61310794557853,9.011359520953283,0.18650544979861472,0.1579584964127195,-0.02854695338589522,9.883842912094348,10.238165314736188,8.220449195486438,8.469002354422637,0.7,0.3
working_memory,0,1,cross_task,Cross-task,0.1,5.0,0.17146642270842552,0.17886233351857744,0.007395910810151923,11.552973214977136,11.51372600869207,9.287206186710607,9.310980183500087,0.19668448132553748,0.2030818516729398,0.006397370347402315,11.191359645360139,11.163961757003296,8.95091162098044,8.929148880091569,0.85,0.15
working_memory,0,2,cross_task,Cross-task,0.01,0.03,0.18324260749238278,0.15444388650361,-0.028798720988772786,13.124747535584019,13.477448405421784,9.938127747949173,10.306894900812946,0.2382291963330784,0.21292878195345916,-0.025300414379619246,11.93121251867349,12.19895549626339,8.992311868064341,9.284862975291972,0.6,0.4
working_memory,0,3,cross_task,Cross-task,0.1,5.0,0.4303781150558613,0.38370199076872274,-0.046676124287138576,10.34021430047728,10.711566548722196,8.806524658173107,8.985023350602775,0.40157377876274414,0.3580941477876388,-0.04347963097510532,10.489257335271857,10.694706553963808,9.013878726220309,9.139321640186203,0.6,0.4
working_memory,0,4,cross_task,Cross-task,0.1,5.0,0.327650445371927,0.3041940674752338,-0.023456377896693192,12.973778526234803,13.210023413246658,10.768428725983025,11.13934725190982,0.3535214072404662,0.3308266595540681,-0.02269474768639812,12.781283357387428,12.928469200310836,10.6505965938344,10.887382810590553,0.75,0.25
working_memory,1,0,cross_task,Cross-task,0.1,5.0,0.48982335146427974,0.43363809410336146,-0.056185257360918284,9.822950789304777,10.239255565629602,8.17083648788524,8.496287691297226,0.48573265779509944,0.4506984997504654,-0.035034158044634056,9.855198665718326,10.006485553146486,8.398245043401207,8.519881080149831,0.5,0.5
working_memory,1,1,cross_task,Cross-task,0.1,2.0,0.10265324493572513,0.10593393144917686,0.0032806865134517305,12.570991923402783,12.772977014005587,10.074417252646692,10.399375677720439,0.07707933264054624,0.08170725083289945,0.0046279181923532114,12.270880886882647,12.346951028034885,9.950389121330106,10.117224244225413,0.6,0.4
working_memory,1,2,cross_task,Cross-task,0.1,5.0,0.27230474162827073,0.21310130016956286,-0.05920344145870787,11.22477822070823,11.631706710143163,9.48187341089458,9.891020873071843,0.17889876301588115,0.15271622800526574,-0.026182535010615404,11.565141814692591,11.716646891383828,9.852569350172828,9.98447079100432,0.45,0.55
working_memory,1,3,cross_task,Cross-task,0.01,5.0,0.3104408627891544,0.23383078981917324,-0.07661007296998115,12.437744374133647,12.92789100505321,10.30739941986124,10.551391738712624,0.3124082923098357,0.240585666755031,-0.07182262555480468,11.978438099043922,12.40822919007876,9.900643328090101,10.098149268774376,0.8,0.2
working_memory,1,4,cross_task,Cross-task,0.1,0.03,0.3192726455459442,0.28619146744761936,-0.03308117809832484,10.57461259842224,11.009442812062739,8.061462901100855,8.363663312292163,0.32561846972545366,0.308925907547916,-0.016692562177537673,10.325315524240292,10.46170255522126,8.048507505326064,8.115020558043275,0.6,0.4
working_memory,2,0,cross_task,Cross-task,0.01,0.03,0.34331459731173264,0.32630279769665516,-0.017011799615077483,12.664855423134243,13.025718140123601,10.470426963169464,10.99410703289497,0.34883585077405066,0.3322550450790226,-0.016580805695028067,12.22224215318522,12.501423948589407,10.014582467953321,10.37853027850543,0.85,0.15
working_memory,2,1,cross_task,Cross-task,0.1,5.0,0.39541993210547155,0.33740397201224326,-0.05801596009322829,10.319232758234264,10.791202970367435,8.339256351786148,8.90630052911178,0.4067277768797392,0.3578740128552294,-0.048853764024509805,10.127276494563045,10.427193955049534,8.38068137063327,8.553630247121434,0.75,0.25
working_memory,2,2,cross_task,Cross-task,0.1,0.03,0.25439617198559494,0.21849650996663253,-0.035899662018962414,11.87328137019566,12.509960048237389,9.182677720254429,9.703753783113164,0.2679827926168856,0.2309478140587381,-0.037034978558147524,11.463363228612469,11.925487907639665,8.879960192275217,9.27626768930473,0.8,0.2
working_memory,2,3,cross_task,Cross-task,1.0,2.0,0.2986021202833321,0.31614622308370166,0.017544102800369554,10.954765564150355,10.87622157668446,9.421990391058912,9.391299714216744,0.34505066968469167,0.35169526967585674,0.006644599991165068,10.837754411969307,10.772435024292431,9.346263610439365,9.325027625314904,0.75,0.25
working_memory,2,4,cross_task,Cross-task,0.1,5.0,0.2317205473296265,0.23161794299524643,-0.00010260433438005756,11.029267297190753,11.323298711508107,9.022793324910856,9.33758759777947,0.15352819668364898,0.15931389285887038,0.0057856961752214,11.10565838344226,11.19320119209916,8.779881108429855,8.866980751018412,0.45,0.55
working_memory,3,0,cross_task,Cross-task,0.1,2.0,0.25740013687900576,0.20236889229910845,-0.055031244579897304,9.876724853861612,10.355984512482422,8.39576663323303,8.764538947937368,0.24925856319237288,0.21949132097881283,-0.029767242213560058,9.662835966791253,9.832269142114678,8.074102905234396,8.310296763743105,0.45,0.55
working_memory,3,1,cross_task,Cross-task,0.001,5.0,0.13218620717303964,0.11835267081885352,-0.013833536354186118,14.324781841090006,14.61426170062394,11.805523910500714,11.910062136347257,0.16947799521572793,0.1600785301873477,-0.009399465028380238,12.978675904157381,13.035308415272715,11.062061658522175,10.917609581085484,0.6,0.4
working_memory,3,2,cross_task,Cross-task,0.1,2.0,0.17394268991342254,0.10068222599916671,-0.07326046391425584,12.476758754330344,12.98681783044496,9.819365603984293,10.261586288720656,0.13830113727883764,0.08208021861187587,-0.05622091866696177,12.197186970130799,12.541498418234147,9.419983337795133,9.89641861706506,0.6,0.4
working_memory,3,3,cross_task,Cross-task,1.0,5.0,0.4812447007064311,0.4233073168675222,-0.057937383838908896,10.872987183968588,10.947489228539009,8.905641868450125,8.907470641540087,0.4812447007064311,0.4233073168675222,-0.057937383838908896,10.872987183968588,10.947489228539009,8.905641868450125,8.907470641540087,1.0,0.0
working_memory,3,4,cross_task,Cross-task,0.1,5.0,0.37710167452633525,0.3349329799021268,-0.04216869462420847,10.67020919531179,11.177728160263452,8.177250381541823,8.763841578250451,0.3870230784144916,0.35094372504599586,-0.036079353368495715,10.315202097005185,10.550084094020919,7.9128720899616996,8.137861824488338,0.7,0.3
working_memory,4,0,cross_task,Cross-task,0.1,5.0,0.19603585329163517,0.20762182047526162,0.01158596718362645,11.310374869125429,11.253876218692639,9.214506454806392,9.012058996750628,0.17734894207542282,0.18320053979903086,0.0058515977236080485,11.07069566282883,11.061677326124686,8.821272249213724,8.834914959446744,0.6,0.4
working_memory,4,1,cross_task,Cross-task,0.1,5.0,0.20236200458931564,0.17476758735820896,-0.02759441723110667,11.935879494920112,12.389254665101564,9.332206360158333,9.834966839727604,0.24614564950637977,0.21632795820334116,-0.0298176913030386,11.5383511432817,11.874348742580093,9.126929048467229,9.526933707750494,0.85,0.15
working_memory,4,2,cross_task,Cross-task,1.0,0.5,0.20663547558865408,0.1881998674379681,-0.018435608150685984,10.688593161211806,10.838700550535258,8.793691959658279,8.922543548463507,0.17663771498353864,0.16525573029830173,-0.011381984685236907,10.752006931957798,10.865657931718376,8.890093895109151,9.000828458549702,0.85,0.15
working_memory,4,3,cross_task,Cross-task,0.1,5.0,0.24659450604486588,0.1692570021243367,-0.07733750392052918,12.066779989519349,12.636110262263392,9.852201684851584,10.297146454715923,0.27085053729523456,0.20306676941348337,-0.0677837678817512,11.812601994429544,12.190059436194362,9.640947904877113,9.914176221979323,0.7,0.3
working_memory,4,4,cross_task,Cross-task,0.1,5.0,0.4253855077153869,0.38337364348971553,-0.04201186422567138,10.68491805600883,10.904697667034483,8.826361095435866,9.055265680831162,0.4384228163089456,0.3953833039552971,-0.0430395123536485,10.595564186870265,10.781703678645643,8.74299767294051,8.946586815134497,0.9,0.1
working_memory,5,0,cross_task,Cross-task,0.1,5.0,0.29126796001756844,0.24773042844355878,-0.043537531574009664,11.637063524949564,12.071540380964503,8.900102968743829,9.420109354672949,0.11182886866866688,0.09572526297569113,-0.016103605692975753,12.311934161356689,12.47958103364022,9.722219913293744,9.916079878105194,0.55,0.45
working_memory,5,1,cross_task,Cross-task,0.1,2.0,0.330377482686554,0.2897125963776629,-0.04066488630889109,11.520119747978944,11.783187984444009,9.403259536123597,9.66719413759437,0.25683637253132247,0.22766220415588054,-0.029174168375441928,11.73242041280978,11.871073760100817,9.731316652222509,9.81320491381052,0.55,0.45
working_memory,5,2,cross_task,Cross-task,0.01,0.1,0.04431274227172925,0.09460324148037144,0.05029049920864219,14.350958713111822,14.045290484536437,11.364997383141041,11.011030045675437,0.0744556307015514,0.12104392147691588,0.046588290775364485,12.270416884324957,11.99239674233543,9.7026096064407,9.615718915716734,0.65,0.35
working_memory,5,3,cross_task,Cross-task,0.1,5.0,0.3756893049993886,0.3399313714555652,-0.035757933543823395,10.996819841408406,11.148660806867156,9.07728976610516,9.20540858906295,0.2545129208784884,0.2350372973184269,-0.019475623560061522,11.42562604739223,11.45838085927719,9.333197015831187,9.352479853844326,0.45,0.55
working_memory,5,4,cross_task,Cross-task,0.1,5.0,0.21349991641541446,0.14946549862392733,-0.06403441779148714,11.381245231059392,11.825713685360158,9.41563059991537,9.837288433794138,0.22572836622617864,0.16104716450723738,-0.06468120171894126,11.259386157736733,11.687183852110179,9.315922469528784,9.748687542362182,0.95,0.05
working_memory,6,0,cross_task,Cross-task,0.1,1.0,0.22269942860232034,0.21890022584746033,-0.0037992027548600094,11.880118642382588,12.078550043207365,9.725612640160051,9.98270313515702,0.23425617450787545,0.23076921523954258,-0.0034869592683328676,11.660292911094047,11.787486357763415,9.608889084017465,9.736163399869175,0.85,0.15
working_memory,6,1,cross_task,Cross-task,0.1,0.03,0.18426783143265946,0.20587211320848936,0.021604281775829903,11.159017237192092,11.300551910715212,9.072515145146694,9.138239345792954,0.23827316706904345,0.2510623795363315,0.012789212467288036,10.413743485575019,10.482114814448668,8.471377216082377,8.445930171668499,0.7,0.3
working_memory,6,2,cross_task,Cross-task,0.1,5.0,0.040462723353303025,-0.06434258009568541,-0.10480530344898845,12.818865204409818,13.50611520013405,10.899021002654614,11.378861780254555,0.03905807648500363,-0.06217999499320181,-0.10123807147820543,12.676120164607148,13.305034757083446,10.79757799419627,11.27713307482622,0.9,0.1
working_memory,6,3,cross_task,Cross-task,0.1,0.5,0.33719362970331057,0.34198024412574046,0.004786614422429891,10.453572145474133,10.443878048709564,7.977503441906107,8.174806372843243,0.3431016589471793,0.3484400320235639,0.005338373076384573,10.302766935298788,10.278636276253714,7.824892709727432,7.972474146319717,0.9,0.1
working_memory,6,4,cross_task,Cross-task,0.1,5.0,0.46939258683616936,0.3815727115964245,-0.08781987523974488,11.038894238352993,11.620727801615706,9.159982470271558,9.736272927265858,0.2811678535307342,0.26943102094316135,-0.011736832587572854,12.028655578702228,12.082486764131001,9.78464420848633,9.861000910220925,0.2,0.8
working_memory,7,0,cross_task,Cross-task,0.1,5.0,0.2603160344936237,0.2665249828458057,0.006208948352181998,11.856115552748696,11.954806059846263,8.984333456740103,9.298709834364665,0.2603160344936237,0.2665249828458057,0.006208948352181998,11.856115552748696,11.954806059846263,8.984333456740103,9.298709834364665,1.0,0.0
working_memory,7,1,cross_task,Cross-task,0.01,5.0,0.25968347948010634,0.2231900179821896,-0.03649346149791674,11.811961449524423,12.41538977826228,9.880564301248686,10.281801299428832,0.24475449656726853,0.20652215663546303,-0.0382323399318055,11.03519559755773,11.55304196577814,9.176757753964683,9.563494540662015,0.75,0.25
working_memory,7,2,cross_task,Cross-task,0.1,1.0,0.15611361154678483,0.13658282021478588,-0.019530791331998948,12.428538035164578,12.70402040668235,9.895622321122932,9.981054993134743,0.18860205884720466,0.1748007607561172,-0.01380129809108746,11.834448926657888,11.933354491682806,9.408822634391385,9.413807923913918,0.65,0.35
working_memory,7,3,cross_task,Cross-task,0.1,5.0,0.4385332270944563,0.33084872676817423,-0.10768450032628207,10.5426642793996,11.382966155101922,9.068580505724123,9.566641401795886,0.34194506382130485,0.27369885692805385,-0.068246206893251,11.070974530060354,11.399051409357789,9.404781895465467,9.569737461742587,0.55,0.45
working_memory,7,4,cross_task,Cross-task,0.1,5.0,0.2454039695111192,0.30551477198399346,0.06011080247287426,11.628307894819459,11.241949334616013,9.584938531855531,9.212351719635473,0.25889338262594574,0.31390961536936735,0.0550162327434216,11.201090464314026,10.905364284755246,9.328101440748062,9.039832598537146,0.75,0.25
working_memory,8,0,cross_task,Cross-task,1.0,5.0,0.18588058190678028,0.23169375635860748,0.0458131744518272,11.368159480082996,11.281135793685662,9.19534029743758,9.184730045110747,0.18801975680259475,0.21705659151264195,0.0290368347100472,11.37376895863205,11.313461871286945,9.29550454596708,9.30221670523151,0.55,0.45
working_memory,8,1,cross_task,Cross-task,0.001,5.0,0.2823403905225489,0.24180622969846594,-0.040534160824082954,12.703142186088344,12.64866957621048,10.55224304256518,10.675163493787268,0.30566180741029414,0.2694517520306006,-0.03621005537969352,11.943799231863357,11.947619902796164,9.936155257192542,10.086382487317001,0.85,0.15
working_memory,8,2,cross_task,Cross-task,0.01,0.03,0.4299465428690098,0.40601247315864447,-0.023934069710365324,10.695275048827554,11.178492219276327,8.290758522677413,8.66941053787357,0.42867949430399666,0.41672764832728526,-0.011951845976711395,10.156981429521048,10.274072058042886,8.205817575834295,8.366018334399643,0.6,0.4
working_memory,8,3,cross_task,Cross-task,0.1,5.0,0.3312249525760822,0.27980916144118584,-0.05141579113489636,11.005403588394959,11.352332833210651,9.126675413073679,9.399586038464546,0.3312249525760822,0.27980916144118584,-0.05141579113489636,11.005403588394959,11.352332833210651,9.126675413073679,9.399586038464546,1.0,0.0
working_memory,8,4,cross_task,Cross-task,0.1,5.0,0.3031098315863876,0.22540088802937697,-0.07770894355701063,11.353230101201563,11.991413896481314,8.936570001866762,9.696841067550244,0.2756257488736126,0.21048438073750525,-0.06514136813610732,11.226035716606075,11.560865726973642,9.05666548011264,9.312152225946274,0.6,0.4
working_memory,9,0,cross_task,Cross-task,0.1,5.0,0.4683582178052859,0.40868953419278375,-0.05966868361250216,11.041111654468477,11.407506848946536,8.802135650183954,9.265611056524001,0.4683582178052859,0.40868953419278375,-0.05966868361250216,11.041111654468477,11.407506848946536,8.802135650183954,9.265611056524001,1.0,0.0
working_memory,9,1,cross_task,Cross-task,0.01,0.1,0.17102034357519602,0.17293525450448352,0.0019149109292875,13.40270613285876,13.581252821964046,10.296025322448688,10.501737679146538,0.16956614682608673,0.17329384034903814,0.0037276935229514085,11.669169593600367,11.675876764287255,9.423586512676058,9.33697937325391,0.55,0.45
working_memory,9,2,cross_task,Cross-task,0.1,5.0,0.2312713719116583,0.15933332215999083,-0.07193804975166748,11.303299322144186,11.881220201882881,8.938752354571662,9.321994763208828,0.2640250582897565,0.1986026613576424,-0.06542239693211407,11.059461973321215,11.45359364742159,8.809270025417003,9.160211341028477,0.75,0.25
working_memory,9,3,cross_task,Cross-task,0.1,5.0,0.13139216532917614,0.12325417710761111,-0.008137988221565029,11.638980086764516,11.830267726586797,9.569341054490408,9.6386902729277,0.1661360629374383,0.15679489916958683,-0.009341163767851463,11.308459429582046,11.462245570771172,9.304890241840177,9.333529467267411,0.9,0.1
working_memory,9,4,cross_task,Cross-task,0.001,5.0,0.36506361524324626,0.4014930847691655,0.036429469525919245,12.02460123594487,11.096961087844951,9.47551378807126,8.913671610208095,0.17693057934801643,0.17603147435168232,-0.0008991049963341102,11.809775901822945,11.792980976829385,9.690252689405755,9.663789313069273,0.2,0.8
working_memory,0,0,shuffled,Shuffled,0.1,5.0,0.20373628045577885,0.20010506996327582,-0.003631210492503034,10.292766509065551,10.668940658949165,8.61310794557853,8.942962311647303,0.18650544979861472,0.18826707501102602,0.0017616252124112997,9.883842912094348,10.03296486009774,8.220449195486438,8.334269070089995,0.7,0.3
working_memory,0,1,shuffled,Shuffled,0.1,5.0,0.17146642270842552,0.17236957197693092,0.0009031492685054043,11.552973214977136,11.654950858753974,9.287206186710607,9.437190945607886,0.19668448132553748,0.19611635745771805,-0.0005681238678194311,11.191359645360139,11.272805359550473,8.95091162098044,9.095591831950285,0.85,0.15
working_memory,0,2,shuffled,Shuffled,0.01,0.03,0.18324260749238278,0.13939768876743192,-0.04384491872495086,13.124747535584019,13.714062683890473,9.938127747949173,10.545894035493376,0.2382291963330784,0.20213702677145173,-0.03609216956162667,11.93121251867349,12.184106795878009,8.992311868064341,9.308503379404682,0.6,0.4
working_memory,0,3,shuffled,Shuffled,0.1,5.0,0.4303781150558613,0.4230727562307427,-0.007305358825118624,10.34021430047728,10.395417376058283,8.806524658173107,9.000563273752066,0.40157377876274414,0.39274076179088857,-0.008833016971855567,10.489257335271857,10.52452016977288,9.013878726220309,9.106567203950059,0.6,0.4
working_memory,0,4,shuffled,Shuffled,0.1,5.0,0.327650445371927,0.34649830171316,0.018847856341232982,12.973778526234803,12.889306834007424,10.768428725983025,10.598484514535603,0.3535214072404662,0.3721541401337265,0.018632732893260284,12.781283357387428,12.705172841040111,10.6505965938344,10.491073737936617,0.75,0.25
working_memory,1,0,shuffled,Shuffled,0.1,5.0,0.48982335146427974,0.4997570151622973,0.00993366369801757,9.822950789304777,9.725986451245499,8.17083648788524,8.159817655803298,0.48573265779509944,0.5009426624818505,0.015210004686751044,9.855198665718326,9.747750847595094,8.398245043401207,8.318990091172692,0.5,0.5
working_memory,1,1,shuffled,Shuffled,0.1,2.0,0.10265324493572513,0.12334189894681018,0.02068865401108505,12.570991923402783,12.552885546099883,10.074417252646692,10.242856053917713,0.07707933264054624,0.09519562196100598,0.018116289320459736,12.270880886882647,12.21301449595326,9.950389121330106,9.973347707396762,0.6,0.4
working_memory,1,2,shuffled,Shuffled,0.1,5.0,0.27230474162827073,0.22659458506918195,-0.04571015655908878,11.22477822070823,11.630579182279217,9.48187341089458,9.754764197953458,0.17889876301588115,0.16495509493715116,-0.013943668078729987,11.565141814692591,11.670203859160884,9.852569350172828,9.920162485201908,0.45,0.55
working_memory,1,3,shuffled,Shuffled,0.01,5.0,0.3104408627891544,0.28986352536176657,-0.02057733742738782,12.437744374133647,12.38431654897738,10.30739941986124,9.933431115984428,0.3124082923098357,0.2969504493166365,-0.015457842993199189,11.978438099043922,11.932574469748683,9.900643328090101,9.620426058731365,0.8,0.2
working_memory,1,4,shuffled,Shuffled,0.1,0.03,0.3192726455459442,0.26333052178735655,-0.05594212375858765,10.57461259842224,10.97720972775593,8.061462901100855,8.330784435987166,0.32561846972545366,0.28786379310014387,-0.03775467662530979,10.325315524240292,10.526043481164443,8.048507505326064,8.208332378709068,0.6,0.4
working_memory,2,0,shuffled,Shuffled,0.01,0.03,0.34331459731173264,0.34314833567857567,-0.00016626163315697218,12.664855423134243,12.70973300037691,10.470426963169464,10.396185382399318,0.34883585077405066,0.34940251440559456,0.0005666636315438955,12.22224215318522,12.22703003324025,10.014582467953321,9.921017830737458,0.85,0.15
working_memory,2,1,shuffled,Shuffled,0.1,5.0,0.39541993210547155,0.3694743628712902,-0.025945569234181343,10.319232758234264,10.515150442152603,8.339256351786148,8.532585349642893,0.4067277768797392,0.38787528056160425,-0.01885249631813496,10.127276494563045,10.232494980039778,8.38068137063327,8.521224503212132,0.75,0.25
working_memory,2,2,shuffled,Shuffled,0.1,0.03,0.25439617198559494,0.21233760083484232,-0.04205857115075262,11.87328137019566,12.317386570266086,9.182677720254429,9.373788436680023,0.2679827926168856,0.22755781269319436,-0.04042497992369126,11.463363228612469,11.78652396176416,8.879960192275217,9.013083174926965,0.8,0.2
working_memory,2,3,shuffled,Shuffled,1.0,2.0,0.2986021202833321,0.31011451396720613,0.011512393683874023,10.954765564150355,10.906485418560898,9.421990391058912,9.341321715678479,0.34505066968469167,0.3537594361530507,0.008708766468359053,10.837754411969307,10.790727773500098,9.346263610439365,9.292245704710488,0.75,0.25
working_memory,2,4,shuffled,Shuffled,0.1,5.0,0.2317205473296265,0.29458533844856666,0.06286479111894017,11.029267297190753,10.806467837623448,9.022793324910856,8.953665742409353,0.15352819668364898,0.20203767151023416,0.048509474826585186,11.10565838344226,10.896518440780563,8.779881108429855,8.675216558352965,0.45,0.55
working_memory,3,0,shuffled,Shuffled,0.1,2.0,0.25740013687900576,0.1938186119001606,-0.06358152497884517,9.876724853861612,10.412440482987424,8.39576663323303,9.052394716348337,0.24925856319237288,0.21384122779697906,-0.03541733539539382,9.662835966791253,9.87071443613149,8.074102905234396,8.329370038764074,0.45,0.55
working_memory,3,1,shuffled,Shuffled,0.001,5.0,0.13218620717303964,0.2666886903272778,0.13450248315423818,14.324781841090006,13.228432995431499,11.805523910500714,10.603513918924836,0.16947799521572793,0.28634568303797714,0.11686768782224921,12.978675904157381,12.244471164806233,11.062061658522175,10.391767700904172,0.6,0.4
working_memory,3,2,shuffled,Shuffled,0.1,2.0,0.17394268991342254,0.1575178172009382,-0.016424872712484356,12.476758754330344,12.714418115448675,9.819365603984293,10.050793780799005,0.13830113727883764,0.1280068260328955,-0.010294311245942128,12.197186970130799,12.299959347292873,9.419983337795133,9.556615696452065,0.6,0.4
working_memory,3,3,shuffled,Shuffled,1.0,5.0,0.4812447007064311,0.47644240541172556,-0.00480229529470555,10.872987183968588,10.800107660570982,8.905641868450125,8.820902944796325,0.4812447007064311,0.47644240541172556,-0.00480229529470555,10.872987183968588,10.800107660570982,8.905641868450125,8.820902944796325,1.0,0.0
working_memory,3,4,shuffled,Shuffled,0.1,5.0,0.37710167452633525,0.3355581056039555,-0.04154356892237976,10.67020919531179,11.029090974196377,8.177250381541823,8.624757430324605,0.3870230784144916,0.3558627121806882,-0.03116036623380336,10.315202097005185,10.483198846219718,7.9128720899616996,8.063537079949741,0.7,0.3
working_memory,4,0,shuffled,Shuffled,0.1,5.0,0.19603585329163517,0.21885323156318326,0.02281737827154809,11.310374869125429,11.349033853425874,9.214506454806392,9.33887851381646,0.17734894207542282,0.20271971122438576,0.02537076914896294,11.07069566282883,10.99182872920633,8.821272249213724,8.895070849853472,0.6,0.4
working_memory,4,1,shuffled,Shuffled,0.1,5.0,0.20236200458931564,0.20392433334447632,0.0015623287551606857,11.935879494920112,12.019732335419725,9.332206360158333,9.360176805265388,0.24614564950637977,0.24823040594528634,0.002084756438906571,11.5383511432817,11.578310394443257,9.126929048467229,9.10068278801527,0.85,0.15
working_memory,4,2,shuffled,Shuffled,1.0,0.5,0.20663547558865408,0.1928873480514,-0.013748127537254073,10.688593161211806,10.765176628931924,8.793691959658279,8.838624894294329,0.17663771498353864,0.16861528860246117,-0.008022426381077474,10.752006931957798,10.803688016483195,8.890093895109151,8.955327043169264,0.85,0.15
working_memory,4,3,shuffled,Shuffled,0.1,5.0,0.24659450604486588,0.2122015267606083,-0.03439297928425758,12.066779989519349,12.407662037940435,9.852201684851584,10.026809899539517,0.27085053729523456,0.24235841466552938,-0.028492122629705185,11.812601994429544,11.971129532489016,9.640947904877113,9.690766138717626,0.7,0.3
working_memory,4,4,shuffled,Shuffled,0.1,5.0,0.4253855077153869,0.4315017608836222,0.006116253168235275,10.68491805600883,10.66211983088053,8.826361095435866,8.872180157033226,0.4384228163089456,0.44380630809192145,0.005383491782975869,10.595564186870265,10.558362723404747,8.74299767294051,8.73644141659234,0.9,0.1
working_memory,5,0,shuffled,Shuffled,0.1,5.0,0.29126796001756844,0.2681687992411889,-0.023099160776379524,11.637063524949564,11.861869195816936,8.900102968743829,9.009875587837778,0.11182886866866688,0.10525579720430507,-0.006573071464361813,12.311934161356689,12.368118722425603,9.722219913293744,9.716824983921772,0.55,0.45
working_memory,5,1,shuffled,Shuffled,0.1,2.0,0.330377482686554,0.29542754200031923,-0.03494994068623475,11.520119747978944,11.799974983036488,9.403259536123597,9.57282508296967,0.25683637253132247,0.2388702501232675,-0.017966122408054952,11.73242041280978,11.827632778995843,9.731316652222509,9.825135369622117,0.55,0.45
working_memory,5,2,shuffled,Shuffled,0.01,0.1,0.04431274227172925,0.0706903439014911,0.026377601629761854,14.350958713111822,13.954905491978566,11.364997383141041,10.98490998184891,0.0744556307015514,0.09992808983725855,0.025472459135707157,12.270416884324957,11.952107022292044,9.7026096064407,9.601802251498395,0.65,0.35
working_memory,5,3,shuffled,Shuffled,0.1,5.0,0.3756893049993886,0.3719416123699274,-0.0037476926294611745,10.996819841408406,11.052909216563531,9.07728976610516,9.056629969800882,0.2545129208784884,0.25642902141051244,0.001916100532024012,11.42562604739223,11.414962022396345,9.333197015831187,9.357630336699865,0.45,0.55
working_memory,5,4,shuffled,Shuffled,0.1,5.0,0.21349991641541446,0.20884529878523433,-0.00465461763018013,11.381245231059392,11.544763375201793,9.41563059991537,9.546640001210022,0.22572836622617864,0.22025820307054705,-0.005470163155631591,11.259386157736733,11.398743572759477,9.315922469528784,9.461882438439567,0.95,0.05
working_memory,6,0,shuffled,Shuffled,0.1,1.0,0.22269942860232034,0.20217423366655962,-0.020525194935760716,11.880118642382588,12.124452796645082,9.725612640160051,9.88360836965275,0.23425617450787545,0.21522002637629228,-0.019036148131583164,11.660292911094047,11.832272087186652,9.608889084017465,9.682704917271991,0.85,0.15
working_memory,6,1,shuffled,Shuffled,0.1,0.03,0.18426783143265946,0.17351080958141513,-0.01075702185124433,11.159017237192092,11.39196800939535,9.072515145146694,9.202179033091065,0.23827316706904345,0.227886922809453,-0.01038624425959045,10.413743485575019,10.526860549876908,8.471377216082377,8.467310922778992,0.7,0.3
working_memory,6,2,shuffled,Shuffled,0.1,5.0,0.040462723353303025,0.042846215099354226,0.0023834917460512015,12.818865204409818,12.954185684248062,10.899021002654614,10.944308664548009,0.03905807648500363,0.04163492507169815,0.002576848586694519,12.676120164607148,12.78052951055797,10.79757799419627,10.834290543517078,0.9,0.1
working_memory,6,3,shuffled,Shuffled,0.1,0.5,0.33719362970331057,0.2981580630259969,-0.03903556667731367,10.453572145474133,10.789231982338794,7.977503441906107,8.302964833869625,0.3431016589471793,0.3054443262943797,-0.037657332652799635,10.302766935298788,10.594529517845608,7.824892709727432,8.130524301122646,0.9,0.1
working_memory,6,4,shuffled,Shuffled,0.1,5.0,0.46939258683616936,0.48531563399192457,0.01592304715575521,11.038894238352993,10.922017885704728,9.159982470271558,9.296273661318706,0.2811678535307342,0.29764033456356465,0.016472481032830444,12.028655578702228,11.946028937912818,9.78464420848633,9.735547889812883,0.2,0.8
working_memory,7,0,shuffled,Shuffled,0.1,5.0,0.2603160344936237,0.21398718189497146,-0.04632885259865227,11.856115552748696,12.158530704216465,8.984333456740103,9.194222795848827,0.2603160344936237,0.21398718189497146,-0.04632885259865227,11.856115552748696,12.158530704216465,8.984333456740103,9.194222795848827,1.0,0.0
working_memory,7,1,shuffled,Shuffled,0.01,5.0,0.25968347948010634,0.29148964693855006,0.031806167458443724,11.811961449524423,11.891676072219923,9.880564301248686,10.047005810555259,0.24475449656726853,0.28275155400355234,0.037997057436283815,11.03519559755773,10.941600638490824,9.176757753964683,9.069529317507225,0.75,0.25
working_memory,7,2,shuffled,Shuffled,0.1,1.0,0.15611361154678483,0.09687007255079208,-0.059243538995992745,12.428538035164578,12.972014919620799,9.895622321122932,10.30395474199592,0.18860205884720466,0.14049646478139632,-0.04810559406580833,11.834448926657888,12.124941510136487,9.408822634391385,9.69154232689422,0.65,0.35
working_memory,7,3,shuffled,Shuffled,0.1,5.0,0.4385332270944563,0.3884087059999422,-0.050124521094514096,10.5426642793996,10.928075128474175,9.068580505724123,9.336231605691651,0.34194506382130485,0.32078898315631066,-0.021156080664994192,11.070974530060354,11.148393968220441,9.404781895465467,9.487800228154402,0.55,0.45
working_memory,7,4,shuffled,Shuffled,0.1,5.0,0.2454039695111192,0.2654391435228518,0.020035174011732604,11.628307894819459,11.578391133217128,9.584938531855531,9.569800765887324,0.25889338262594574,0.275856119092348,0.01696273646640223,11.201090464314026,11.153640451704648,9.328101440748062,9.370590914820054,0.75,0.25
working_memory,8,0,shuffled,Shuffled,1.0,5.0,0.18588058190678028,0.17785614834512228,-0.008024433561657995,11.368159480082996,11.396901320233399,9.19534029743758,9.212376201906574,0.18801975680259475,0.18885712478152306,0.0008373679789283051,11.37376895863205,11.364972160942198,9.29550454596708,9.294033260671213,0.55,0.45
working_memory,8,1,shuffled,Shuffled,0.001,5.0,0.2823403905225489,0.25858357959464323,-0.02375681092790566,12.703142186088344,12.962028500519343,10.55224304256518,10.557663064621961,0.30566180741029414,0.2809884645618018,-0.02467334284849232,11.943799231863357,12.200719893934304,9.936155257192542,9.897834660859342,0.85,0.15
working_memory,8,2,shuffled,Shuffled,0.01,0.03,0.4299465428690098,0.4174391511064916,-0.012507391762518194,10.695275048827554,10.961430774260597,8.290758522677413,8.619780103797522,0.42867949430399666,0.4230692347458821,-0.005610259558114561,10.156981429521048,10.191769017701958,8.205817575834295,8.183249480222802,0.6,0.4
working_memory,8,3,shuffled,Shuffled,0.1,5.0,0.3312249525760822,0.2452192646515296,-0.0860056879245526,11.005403588394959,11.550756389950337,9.126675413073679,9.718711424612161,0.3312249525760822,0.2452192646515296,-0.0860056879245526,11.005403588394959,11.550756389950337,9.126675413073679,9.718711424612161,1.0,0.0
working_memory,8,4,shuffled,Shuffled,0.1,5.0,0.3031098315863876,0.27002368782814584,-0.03308614375824176,11.353230101201563,11.628388497748977,8.936570001866762,9.032847336184176,0.2756257488736126,0.2507011150660038,-0.024924633807608787,11.226035716606075,11.349315461235545,9.05666548011264,9.05603628862092,0.6,0.4
working_memory,9,0,shuffled,Shuffled,0.1,5.0,0.4683582178052859,0.47699320653521105,0.00863498872992513,11.041111654468477,10.966493851530945,8.802135650183954,8.861914470745711,0.4683582178052859,0.47699320653521105,0.00863498872992513,11.041111654468477,10.966493851530945,8.802135650183954,8.861914470745711,1.0,0.0
working_memory,9,1,shuffled,Shuffled,0.01,0.1,0.17102034357519602,0.15751921267353125,-0.01350113090166477,13.40270613285876,13.686260704195735,10.296025322448688,10.33188832215387,0.16956614682608673,0.15563145535045436,-0.013934691475632366,11.669169593600367,11.827357921035665,9.423586512676058,9.56135538372601,0.55,0.45
working_memory,9,2,shuffled,Shuffled,0.1,5.0,0.2312713719116583,0.20294914116353338,-0.028322230748124927,11.303299322144186,11.606815559382111,8.938752354571662,9.099625317703559,0.2640250582897565,0.24085174490848532,-0.023173313381271154,11.059461973321215,11.232334995051788,8.809270025417003,8.933907145287812,0.75,0.25
working_memory,9,3,shuffled,Shuffled,0.1,5.0,0.13139216532917614,0.1312009183505479,-0.00019124697862824003,11.638980086764516,11.70543530499711,9.569341054490408,9.594874536475938,0.1661360629374383,0.16549070059417093,-0.0006453623432673694,11.308459429582046,11.35825008690411,9.304890241840177,9.294308110735463,0.9,0.1
working_memory,9,4,shuffled,Shuffled,0.001,5.0,0.36506361524324626,0.36007654186682925,-0.004987073376417017,12.02460123594487,12.27029759828807,9.47551378807126,9.632937590903522,0.17693057934801643,0.17898718797588284,0.002056608627866413,11.809775901822945,11.79394313067457,9.690252689405755,9.738411992321904,0.2,0.8
working_memory,0,0,random,Random,0.1,5.0,0.20373628045577885,0.15472180598516144,-0.04901447447061741,10.292766509065551,10.863917944262324,8.61310794557853,9.073762770165722,0.18650544979861472,0.14742709667985993,-0.039078353118754794,9.883842912094348,10.184146636661456,8.220449195486438,8.51850576574427,0.7,0.3
working_memory,0,1,random,Random,0.1,5.0,0.17146642270842552,0.2164735425540918,0.04500711984566627,11.552973214977136,11.462279886175708,9.287206186710607,9.278580245436649,0.19668448132553748,0.2376267461712041,0.040942264845666626,11.191359645360139,11.087363060181175,8.95091162098044,8.979624508249012,0.85,0.15
working_memory,0,2,random,Random,0.01,0.03,0.18324260749238278,0.20201958537559417,0.018776977883211393,13.124747535584019,13.198083421666832,9.938127747949173,10.05484542806575,0.2382291963330784,0.25472350490929396,0.01649430857621556,11.93121251867349,11.893931689501713,8.992311868064341,9.050571855951176,0.6,0.4
working_memory,0,3,random,Random,0.1,5.0,0.4303781150558613,0.3942330718214532,-0.03614504323440815,10.34021430047728,10.600761310417573,8.806524658173107,8.88514887162542,0.40157377876274414,0.3724655531941719,-0.029108225568572232,10.489257335271857,10.618158067851406,9.013878726220309,8.956739655288375,0.6,0.4
working_memory,0,4,random,Random,0.1,5.0,0.327650445371927,0.34923741839351696,0.02158697302158996,12.973778526234803,12.941740042689993,10.768428725983025,10.760996391711117,0.3535214072404662,0.3704182260869542,0.01689681884648797,12.781283357387428,12.766042274013376,10.6505965938344,10.61324324327941,0.75,0.25
working_memory,1,0,random,Random,0.1,5.0,0.48982335146427974,0.48561724751721896,-0.00420610394706078,9.822950789304777,9.862197627471456,8.17083648788524,8.219508213928567,0.48573265779509944,0.4955552110319006,0.009822553236801146,9.855198665718326,9.772069608235576,8.398245043401207,8.275634909935784,0.5,0.5
working_memory,1,1,random,Random,0.1,2.0,0.10265324493572513,0.10374533632353812,0.0010920913878129934,12.570991923402783,12.905567009686965,10.074417252646692,10.577782150812084,0.07707933264054624,0.08069476714909066,0.0036154345085444156,12.270880886882647,12.412733668643712,9.950389121330106,10.169219491792788,0.6,0.4
working_memory,1,2,random,Random,0.1,5.0,0.27230474162827073,0.21704699623335033,-0.0552577453949204,11.22477822070823,11.70055847942972,9.48187341089458,9.839873904966968,0.17889876301588115,0.1619720945545465,-0.016926668461334643,11.565141814692591,11.679017286285772,9.852569350172828,9.983520766829919,0.45,0.55
working_memory,1,3,random,Random,0.01,5.0,0.3104408627891544,0.26048492690015035,-0.049955935889004044,12.437744374133647,12.7586198355205,10.30739941986124,10.535640824081687,0.3124082923098357,0.2672338678724723,-0.045174424437363414,11.978438099043922,12.234916196114659,9.900643328090101,10.10985162367183,0.8,0.2
working_memory,1,4,random,Random,0.1,0.03,0.3192726455459442,0.3096266312659317,-0.009646014280012494,10.57461259842224,10.741623154750851,8.061462901100855,8.08565172196378,0.32561846972545366,0.32413004336365364,-0.0014884263618000215,10.325315524240292,10.35602335894462,8.048507505326064,7.969749890719188,0.6,0.4
working_memory,2,0,random,Random,0.01,0.03,0.34331459731173264,0.3582534537376173,0.014938856425884661,12.664855423134243,12.860941728407678,10.470426963169464,10.809690690840124,0.34883585077405066,0.365968757752807,0.017132906978756357,12.22224215318522,12.27202155456514,10.014582467953321,10.168474105913704,0.85,0.15
working_memory,2,1,random,Random,0.1,5.0,0.39541993210547155,0.36450097362759537,-0.03091895847787618,10.319232758234264,10.681220226817068,8.339256351786148,8.690348927889033,0.4067277768797392,0.38202526565322426,-0.024702511226514956,10.127276494563045,10.323752656845516,8.38068137063327,8.491859461612862,0.75,0.25
working_memory,2,2,random,Random,0.1,0.03,0.25439617198559494,0.23195322659860096,-0.022442945386993984,11.87328137019566,12.285351724788594,9.182677720254429,9.319031215389156,0.2679827926168856,0.24388399204961275,-0.02409880056727287,11.463363228612469,11.768596460707457,8.879960192275217,9.029729614234023,0.8,0.2
working_memory,2,3,random,Random,1.0,2.0,0.2986021202833321,0.31483971973996283,0.016237599456630725,10.954765564150355,10.882436788546226,9.421990391058912,9.332369281928957,0.34505066968469167,0.3535039498588931,0.008453280174201439,10.837754411969307,10.769682027557309,9.346263610439365,9.274148402353873,0.75,0.25
working_memory,2,4,random,Random,0.1,5.0,0.2317205473296265,0.19174158840308508,-0.03997895892654141,11.029267297190753,11.583479709883823,9.022793324910856,9.552763968625616,0.15352819668364898,0.13952787057095437,-0.014000326112694611,11.10565838344226,11.251386069318787,8.779881108429855,9.007240765127063,0.45,0.55
working_memory,3,0,random,Random,0.1,2.0,0.25740013687900576,0.22233597951219286,-0.0350641573668129,9.876724853861612,10.321649705626918,8.39576663323303,8.754981656424782,0.24925856319237288,0.23532358629615208,-0.013934976896220808,9.662835966791253,9.770191464206892,8.074102905234396,8.225470944484176,0.45,0.55
working_memory,3,1,random,Random,0.001,5.0,0.13218620717303964,0.13014101568114417,-0.0020451914918954706,14.324781841090006,14.390698199701196,11.805523910500714,11.702258050380802,0.16947799521572793,0.17093217352671064,0.0014541783109827122,12.978675904157381,12.94273804656965,11.062061658522175,10.879771154826974,0.6,0.4
working_memory,3,2,random,Random,0.1,2.0,0.17394268991342254,0.15610406848304925,-0.01783862143037329,12.476758754330344,12.648427681400651,9.819365603984293,10.149350386967068,0.13830113727883764,0.12650938864634675,-0.011791748632490884,12.197186970130799,12.269628206165999,9.419983337795133,9.721648878437493,0.6,0.4
working_memory,3,3,random,Random,1.0,5.0,0.4812447007064311,0.4725020616875282,-0.008742639018902931,10.872987183968588,10.732496965884806,8.905641868450125,8.770312870954369,0.4812447007064311,0.4725020616875282,-0.008742639018902931,10.872987183968588,10.732496965884806,8.905641868450125,8.770312870954369,1.0,0.0
working_memory,3,4,random,Random,0.1,5.0,0.37710167452633525,0.3492100450085339,-0.02789162951780133,10.67020919531179,11.022100193605375,8.177250381541823,8.572751027718128,0.3870230784144916,0.36592587081579114,-0.02109720759870043,10.315202097005185,10.448565409227836,7.9128720899616996,8.07432965780397,0.7,0.3
working_memory,4,0,random,Random,0.1,5.0,0.19603585329163517,0.19737009393871727,0.0013342406470820967,11.310374869125429,11.526455709580116,9.214506454806392,9.497070525100273,0.17734894207542282,0.18453540665741244,0.007186464581989627,11.07069566282883,11.089284444037148,8.821272249213724,9.042651210717347,0.6,0.4
working_memory,4,1,random,Random,0.1,5.0,0.20236200458931564,0.20837508512608927,0.0060130805367736295,11.935879494920112,12.176647023847595,9.332206360158333,9.683790362248915,0.24614564950637977,0.24612211100933512,-2.3538497044645057e-05,11.5383511432817,11.721731804654121,9.126929048467229,9.426130065933046,0.85,0.15
working_memory,4,2,random,Random,1.0,0.5,0.20663547558865408,0.19475706822278635,-0.011878407365867732,10.688593161211806,10.809576530386476,8.793691959658279,8.903126005315295,0.17663771498353864,0.17281175142630906,-0.0038259635572295836,10.752006931957798,10.832430191913382,8.890093895109151,8.987573312916467,0.85,0.15
working_memory,4,3,random,Random,0.1,5.0,0.24659450604486588,0.21443395635446555,-0.03216054969040033,12.066779989519349,12.378170876237139,9.852201684851584,10.046221415826556,0.27085053729523456,0.2420523975723849,-0.02879813972284967,11.812601994429544,11.969544661657082,9.640947904877113,9.662581839300021,0.7,0.3
working_memory,4,4,random,Random,0.1,5.0,0.4253855077153869,0.37834592832019465,-0.047039579395192266,10.68491805600883,10.976389559951725,8.826361095435866,9.014467680266517,0.4384228163089456,0.389078532139543,-0.049344284169402564,10.595564186870265,10.837675104508643,8.74299767294051,8.89834410630355,0.9,0.1
working_memory,5,0,random,Random,0.1,5.0,0.29126796001756844,0.25819174677520995,-0.03307621324235849,11.637063524949564,11.995084912535285,8.900102968743829,9.255836117614143,0.11182886866866688,0.10392836386036922,-0.007900504808297668,12.311934161356689,12.428355693004102,9.722219913293744,9.84066489737613,0.55,0.45
working_memory,5,1,random,Random,0.1,2.0,0.330377482686554,0.280343962954169,-0.05003351973238496,11.520119747978944,11.856784939530279,9.403259536123597,9.770283499581007,0.25683637253132247,0.22257557398173833,-0.03426079854958414,11.73242041280978,11.898332734942802,9.731316652222509,9.875134586747572,0.55,0.45
working_memory,5,2,random,Random,0.01,0.1,0.04431274227172925,0.08919969730126849,0.04488695502953924,14.350958713111822,13.848637210235893,11.364997383141041,10.94735830121531,0.0744556307015514,0.11696049168051403,0.04250486097896264,12.270416884324957,11.879332741037796,9.7026096064407,9.556997888431496,0.65,0.35
working_memory,5,3,random,Random,0.1,5.0,0.3756893049993886,0.3584076461930338,-0.017281658806354794,10.996819841408406,11.06534884958974,9.07728976610516,9.113383247562004,0.2545129208784884,0.24690760607680975,-0.00760531480167867,11.42562604739223,11.422433761174046,9.333197015831187,9.318346772557273,0.45,0.55
working_memory,5,4,random,Random,0.1,5.0,0.21349991641541446,0.14691559898426207,-0.0665843174311524,11.381245231059392,12.170670280522128,9.41563059991537,9.980530336960387,0.22572836622617864,0.15749112068980328,-0.06823724553637536,11.259386157736733,11.989544415918296,9.315922469528784,9.835284734046034,0.95,0.05
working_memory,6,0,random,Random,0.1,1.0,0.22269942860232034,0.20758690494715037,-0.015112523655169963,11.880118642382588,12.103833730667619,9.725612640160051,9.881255110643973,0.23425617450787545,0.221556137673584,-0.01270003683429144,11.660292911094047,11.802284137683962,9.608889084017465,9.659742799933074,0.85,0.15
working_memory,6,1,random,Random,0.1,0.03,0.18426783143265946,0.15887949694945808,-0.02538833448320138,11.159017237192092,11.809761668347749,9.072515145146694,9.629732694012946,0.23827316706904345,0.21104354041722173,-0.027229626651821714,10.413743485575019,10.764649667023507,8.471377216082377,8.78653238779624,0.7,0.3
working_memory,6,2,random,Random,0.1,5.0,0.040462723353303025,0.029168665470260115,-0.01129405788304291,12.818865204409818,13.139139797716075,10.899021002654614,11.029989350046433,0.03905807648500363,0.028181095106184866,-0.010876981378818765,12.676120164607148,12.955908776972443,10.79757799419627,10.912194746725405,0.9,0.1
working_memory,6,3,random,Random,0.1,0.5,0.33719362970331057,0.3411390742345971,0.003945444531286535,10.453572145474133,10.523365912437821,7.977503441906107,8.12785925489485,0.3431016589471793,0.3479237724302996,0.004822113483120283,10.302766935298788,10.336801704174189,7.824892709727432,7.947976469391713,0.9,0.1
working_memory,6,4,random,Random,0.1,5.0,0.46939258683616936,0.44649444227070434,-0.022898144565465017,11.038894238352993,11.192045551620053,9.159982470271558,9.5546454189915,0.2811678535307342,0.28359437017158956,0.0024265166408553585,12.028655578702228,12.018718351301965,9.78464420848633,9.792329781522211,0.2,0.8
working_memory,7,0,random,Random,0.1,5.0,0.2603160344936237,0.2275787491157431,-0.03273728537788062,11.856115552748696,12.230954031214205,8.984333456740103,9.446240513796832,0.2603160344936237,0.2275787491157431,-0.03273728537788062,11.856115552748696,12.230954031214205,8.984333456740103,9.446240513796832,1.0,0.0
working_memory,7,1,random,Random,0.01,5.0,0.25968347948010634,0.25547590248386653,-0.0042075769962398035,11.811961449524423,12.383788765059736,9.880564301248686,10.108521029606349,0.24475449656726853,0.24189811775022396,-0.0028563788170445636,11.03519559755773,11.381242683310699,9.176757753964683,9.256239037464649,0.75,0.25
working_memory,7,2,random,Random,0.1,1.0,0.15611361154678483,0.14183760922497696,-0.014276002321807868,12.428538035164578,12.991096157780737,9.895622321122932,10.222062195561262,0.18860205884720466,0.17480313305442424,-0.013798925792780414,11.834448926657888,12.08092056881155,9.408822634391385,9.565682293378751,0.65,0.35
working_memory,7,3,random,Random,0.1,5.0,0.4385332270944563,0.4205594380758553,-0.017973789018601027,10.5426642793996,10.746474822825045,9.068580505724123,9.208444458088456,0.34194506382130485,0.34811798256051973,0.006172918739214883,11.070974530060354,11.03567448376092,9.404781895465467,9.382535270109013,0.55,0.45
working_memory,7,4,random,Random,0.1,5.0,0.2454039695111192,0.25814094236484486,0.012736972853725659,11.628307894819459,11.66198818901339,9.584938531855531,9.52185261370727,0.25889338262594574,0.2694604414493788,0.010567058823433062,11.201090464314026,11.19887409432198,9.328101440748062,9.25690747392887,0.75,0.25
working_memory,8,0,random,Random,1.0,5.0,0.18588058190678028,0.20743767753254333,0.02155709562576305,11.368159480082996,11.341689999375491,9.19534029743758,9.242478536223622,0.18801975680259475,0.2081627802297969,0.020143023427202145,11.37376895863205,11.321731614123545,9.29550454596708,9.293448452680844,0.55,0.45
working_memory,8,1,random,Random,0.001,5.0,0.2823403905225489,0.20745332129829333,-0.07488706922425556,12.703142186088344,12.845141212061677,10.55224304256518,10.670601354765795,0.30566180741029414,0.23618568911134885,-0.06947611829894529,11.943799231863357,12.137105057041598,9.936155257192542,10.115166682715898,0.85,0.15
working_memory,8,2,random,Random,0.01,0.03,0.4299465428690098,0.4239699329733669,-0.005976609895642915,10.695275048827554,10.846797002840328,8.290758522677413,8.698083916710804,0.42867949430399666,0.43026906853029195,0.0015895742262952983,10.156981429521048,10.143915352432439,8.205817575834295,8.359747506157158,0.6,0.4
working_memory,8,3,random,Random,0.1,5.0,0.3312249525760822,0.2623308017369975,-0.06889415083908468,11.005403588394959,11.525256769463029,9.126675413073679,9.581922574990644,0.3312249525760822,0.2623308017369975,-0.06889415083908468,11.005403588394959,11.525256769463029,9.126675413073679,9.581922574990644,1.0,0.0
working_memory,8,4,random,Random,0.1,5.0,0.3031098315863876,0.2224599802608854,-0.0806498513255022,11.353230101201563,12.060106031779645,8.936570001866762,9.5348729450682,0.2756257488736126,0.20332583711291113,-0.07229991176070144,11.226035716606075,11.630983549118886,9.05666548011264,9.318684666190498,0.6,0.4
working_memory,9,0,random,Random,0.1,5.0,0.4683582178052859,0.4540037629887801,-0.014354454816505824,11.041111654468477,11.144974046080396,8.802135650183954,9.138863925109305,0.4683582178052859,0.4540037629887801,-0.014354454816505824,11.041111654468477,11.144974046080396,8.802135650183954,9.138863925109305,1.0,0.0
working_memory,9,1,random,Random,0.01,0.1,0.17102034357519602,0.16911795953341358,-0.0019023840417824456,13.40270613285876,13.472085279094427,10.296025322448688,10.454129992534419,0.16956614682608673,0.16455448310529477,-0.0050116637207919534,11.669169593600367,11.758369871709993,9.423586512676058,9.60782251620995,0.55,0.45
working_memory,9,2,random,Random,0.1,5.0,0.2312713719116583,0.18406676056469895,-0.04720461134695936,11.303299322144186,11.81192429522286,8.938752354571662,9.195304311943236,0.2640250582897565,0.22045234336674563,-0.04357271492301085,11.059461973321215,11.367235498713734,8.809270025417003,8.96123972657708,0.75,0.25
working_memory,9,3,random,Random,0.1,5.0,0.13139216532917614,0.17823867626122952,0.04684651093205339,11.638980086764516,11.575337969437065,9.569341054490408,9.61326625926353,0.1661360629374383,0.20881536006572493,0.042679297128286636,11.308459429582046,11.230448497049931,9.304890241840177,9.30924211641546,0.9,0.1
working_memory,9,4,random,Random,0.001,5.0,0.36506361524324626,0.44500213200017025,0.07993851675692398,12.02460123594487,11.121141980548655,9.47551378807126,8.625580022935257,0.17693057934801643,0.19465927553354906,0.017728696185532633,11.809775901822945,11.699075698041126,9.690252689405755,9.583915530977272,0.2,0.8
fluid_intelligence,0,0,cross_task,Cross-task,0.1,0.03,0.2498648752458115,0.2240900256660781,-0.02577484957973339,4.59740331601536,4.817804477692498,3.5618210003465496,3.7464597287764123,0.5035872805373836,0.49212521052353697,-0.011462070013846581,3.778240683229312,3.8091883805944144,2.934963060763742,2.940996977985067,0.3,0.7
fluid_intelligence,0,1,cross_task,Cross-task,1.0,0.03,0.26622722695683654,0.25030502051234854,-0.015922206444487996,4.908968079584736,4.9285399139238235,4.079864173960061,4.119542273673721,0.3803751148124611,0.3624931157523483,-0.017881999060112785,4.713845441493294,4.734705556528354,3.9920696157679343,4.014865106419242,0.5,0.5
fluid_intelligence,0,2,cross_task,Cross-task,0.1,0.03,0.18901800364847493,0.1818719595822561,-0.007146044066218826,5.295684551825395,5.389899059957739,4.449080629515014,4.485682095805921,0.3427747824605382,0.3412465835499212,-0.0015281989106170069,4.873298513341239,4.881426724246434,4.21158418768233,4.218785467122874,0.3,0.7
fluid_intelligence,0,3,cross_task,Cross-task,0.1,0.03,0.10007665754571855,0.11350022178933693,0.013423564243618374,5.112016109588531,5.210644649302875,4.352678039576576,4.375815058133493,0.2223067222068122,0.22593680554283896,0.003630083336026768,4.639606990243334,4.65198225272024,3.9754848718477347,3.9813269077112032,0.4,0.6
fluid_intelligence,0,4,cross_task,Cross-task,1.0,5.0,0.23802140033174263,0.2660400489055162,0.028018648573773564,4.991281712660443,4.953766884781816,4.196462762980421,4.1219224778723085,0.4284543941173692,0.43138176837739506,0.0029273742600258723,4.643493032922192,4.636347141722572,3.666736310588357,3.6626633263919555,0.15,0.85
fluid_intelligence,1,0,cross_task,Cross-task,0.1,0.03,0.2696443703158826,0.2575446808100712,-0.012099689505811417,4.52519419427188,4.671924371946832,3.68878082951137,3.8179624105380587,0.2435260520164807,0.24852928474843908,0.005003232731958379,4.556409946685227,4.54669269964076,3.6338670569434224,3.6259847540636287,0.15,0.85
fluid_intelligence,1,1,cross_task,Cross-task,1.0,0.03,0.2764939622751191,0.236653915751009,-0.03984004652411008,4.552879427190741,4.618707077697053,3.923278055981926,3.972650814028834,0.38174003904688514,0.38128762835277513,-0.0004524106941100059,4.33269627749268,4.336372242471101,3.5321497640581523,3.535678916723156,0.1,0.9
fluid_intelligence,1,2,cross_task,Cross-task,0.1,0.03,0.252566758924114,0.26149611626434316,0.00892935734022915,5.255102541797882,5.247503163152859,4.4948008536672335,4.465212872446222,0.43543553774921506,0.4355685192900301,0.00013298154081503588,4.775079835866016,4.773845909960961,3.9705845582386328,3.9547116370900772,0.2,0.8
fluid_intelligence,1,3,cross_task,Cross-task,0.1,0.03,0.11263585986504049,0.11281279022604856,0.00017693036100807635,5.764763681010522,5.96168983062198,4.887287615628403,5.013015663848496,0.335068580698701,0.32361275707566584,-0.011455823623035155,4.906988805709316,4.961905450736817,4.2612363935136575,4.291540781235203,0.45,0.55
fluid_intelligence,1,4,cross_task,Cross-task,1.0,0.03,0.2771576183784764,0.2597694639684951,-0.017388154409981316,4.688158168126925,4.744502361532532,3.981523731370287,4.025264596786085,0.3305163713065081,0.3290906754607167,-0.0014256958457914415,4.60846138246618,4.616775292731379,3.8351364763866242,3.8395483537457196,0.25,0.75
fluid_intelligence,2,0,cross_task,Cross-task,0.1,5.0,0.23038226051912297,0.29538302777957753,0.06500076726045456,5.232778731975933,5.0878967608920815,4.361774702884773,4.200704385007492,0.44830500098891424,0.4663231654558364,0.01801816446692217,4.6465440132968086,4.600881041032035,3.8519555400941092,3.8106690448723786,0.2,0.8
fluid_intelligence,2,1,cross_task,Cross-task,0.01,5.0,0.12554983790190238,0.07983878973004346,-0.04571104817185892,5.812956650324431,5.864682437308082,4.8932012571182,4.914939955852692,0.27586008389852723,0.2635156723407821,-0.012344411557745127,4.677744633879978,4.680172208297323,4.02307831369821,3.984365936693751,0.35,0.65
fluid_intelligence,2,2,cross_task,Cross-task,0.1,0.03,0.20688069110690244,0.21316180330391565,0.006281112197013217,4.945563735906801,5.090973196336634,3.914689976200785,4.0581062025502295,0.43513123257211805,0.43252513711667534,-0.002606095455442714,4.239798736564312,4.247431658204067,3.471700142796811,3.4768104531163098,0.25,0.75
fluid_intelligence,2,3,cross_task,Cross-task,1.0,0.03,0.37984415305995023,0.3761654558494567,-0.00367869721049352,4.714046557024127,4.689272394849736,3.93646064685768,3.8970372781074567,0.43663217450611086,0.4398253689674232,0.003193194461312332,4.56699295456554,4.555751948145744,3.7169433078623437,3.7105072799969347,0.3,0.7
fluid_intelligence,2,4,cross_task,Cross-task,1.0,5.0,0.16872309868112256,0.15683628597618707,-0.011886812704935495,4.8081619594102145,4.8357592463830645,4.224258221821008,4.241538232189636,0.3658618054180406,0.36349934843090376,-0.0023624569871368295,4.570469288843583,4.579401637050792,3.841447765503463,3.8561406112148333,0.15,0.85
fluid_intelligence,3,0,cross_task,Cross-task,1.0,0.03,0.05956554641299743,0.07333099334430132,0.013765446931303889,4.914414614652624,4.965020955375849,4.261588007971004,4.328699495863689,0.24864849339514905,0.24869341476598564,4.492137083658698e-05,4.759737612688746,4.767007620498798,4.028050695253986,4.040415765740229,0.2,0.8
fluid_intelligence,3,1,cross_task,Cross-task,0.1,5.0,0.12139512103348163,0.19650709041047723,0.0751119693769956,5.05764382533386,5.034428568595755,4.056795233590201,3.964416727060763,0.3671957628813864,0.37713191848660743,0.009936155605221042,4.478277575393996,4.4603366924005305,3.6037203377618385,3.578940883815335,0.15,0.85
fluid_intelligence,3,2,cross_task,Cross-task,1.0,0.03,0.3048616999401623,0.2896722873494687,-0.015189412590693618,4.613702965268328,4.634070595610941,3.970883450133399,3.9640810365216756,0.3947829024105111,0.3971432594973481,0.0023603570868369617,4.428111803543018,4.423563515452784,3.5240938269746582,3.5298525825946063,0.2,0.8
fluid_intelligence,3,3,cross_task,Cross-task,1.0,0.03,0.3378026885329004,0.35933650138637285,0.021533812853472445,4.819319032935634,4.767423548681188,4.109447636377374,4.04623241505487,0.434963542733158,0.44018227097056534,0.005218728237407322,4.597561892009838,4.585525076742071,3.8454337300759565,3.820847270391271,0.2,0.8
fluid_intelligence,3,4,cross_task,Cross-task,1.0,0.03,0.16181555608290119,0.1562280592423825,-0.00558749684051868,4.956043526151937,4.998933227511521,4.182617190957694,4.1875464889188425,0.2597353290990325,0.2601505842044754,0.0004152551054428799,4.838539156754006,4.84152451559221,3.963261853533301,3.970515629422123,0.25,0.75
fluid_intelligence,4,0,cross_task,Cross-task,1.0,0.03,0.2276770321772216,0.2520839998377235,0.024406967660501905,4.705642215030457,4.67809247733584,4.145628649289529,4.136966485189612,0.3722206445721284,0.3722206445721284,0.0,4.509378582798186,4.509378582798186,3.694621165271517,3.694621165271517,0.0,1.0
fluid_intelligence,4,1,cross_task,Cross-task,0.1,5.0,0.09363832617341024,0.11856052931860778,0.02492220314519754,5.00129735897689,5.084753151323244,4.06582828358693,4.109088319692743,0.37521704532452105,0.38142898481775983,0.006211939493238783,4.304860971164059,4.295215220323982,3.604398470729724,3.587499588018376,0.3,0.7
fluid_intelligence,4,2,cross_task,Cross-task,1.0,0.03,0.1968126627954379,0.2069142440453289,0.010101581249890995,4.8383343836187995,4.864205143472128,3.9229572927177676,3.929803832054158,0.34978068395324113,0.34767205767159554,-0.002108626281645598,4.582435676581324,4.587423109327217,3.780472868615796,3.7556917015585176,0.45,0.55
fluid_intelligence,4,3,cross_task,Cross-task,0.1,0.03,0.4035370873639398,0.3902453976448811,-0.013291689719058697,4.721641074088744,4.803778610581022,3.894611976794784,4.019363569837564,0.28807600250685395,0.2897221448899938,0.0016461423831398703,4.9582982303520975,4.955881214504614,4.0613778368410705,4.0612768618492705,0.15,0.85
fluid_intelligence,4,4,cross_task,Cross-task,0.1,0.03,0.2403244892337327,0.22460127220712484,-0.015723217026607866,5.0000987188423665,5.087906653865374,4.181301019633754,4.251750981123004,0.4348980118377082,0.41889484829867263,-0.01600316353903558,4.530529962336782,4.557085090120449,3.8508300325053684,3.8593404304492216,0.55,0.45
fluid_intelligence,5,0,cross_task,Cross-task,0.1,0.03,0.264401778228878,0.24739745279194694,-0.01700432543693106,4.829683380970014,4.979773721525733,4.040169633277043,4.054891075295055,0.3169872973116017,0.31617677561086927,-0.000810521700732425,4.667823968059283,4.67599276678854,3.855946771269161,3.856042112010938,0.2,0.8
fluid_intelligence,5,1,cross_task,Cross-task,0.1,0.03,0.18920298372808075,0.17822947015617596,-0.010973513571904792,4.98542415652217,5.137849283508163,4.0037691558753945,4.080699842792207,0.3809353425035342,0.37845368531735135,-0.002481657186182873,4.395751215310932,4.408880093507162,3.624798447282275,3.640192625072307,0.25,0.75
fluid_intelligence,5,2,cross_task,Cross-task,1.0,0.1,0.08851974236607792,0.10777925112979847,0.019259508763720554,5.357598285901994,5.370028178347154,4.452799657279598,4.442429908103223,0.4253576581360954,0.4209826694544432,-0.004374988681652203,4.804097364511147,4.804534668002154,4.044600073244492,4.0407151435055955,0.45,0.55
fluid_intelligence,5,3,cross_task,Cross-task,0.1,0.03,0.2944907874679295,0.2727791098363461,-0.02171167763158338,4.951709165594819,5.062712943557707,4.070361609682966,4.171665056500329,0.4429875593716094,0.44436118771334565,0.001373628341736266,4.619979718239747,4.614542912600058,3.7216653147562213,3.717800352277151,0.2,0.8
fluid_intelligence,5,4,cross_task,Cross-task,0.1,0.03,0.2708264499146316,0.24552788235132708,-0.025298567563304536,4.556509890573011,4.748700424660823,3.5997202127396024,3.7801213579001374,0.2741902287507701,0.25926872093310216,-0.014921507817667934,4.379973620961866,4.440463077366819,3.7054589856355946,3.7616901198460804,0.4,0.6
fluid_intelligence,6,0,cross_task,Cross-task,1.0,0.03,0.198803865145266,0.21165055919059453,0.012846694045328538,4.450710939035334,4.457293677557676,3.7645876140373313,3.758336329793638,0.3040435149438103,0.30572892861357964,0.00168541366976932,4.363990030300314,4.361882663983969,3.622921000250716,3.6264291035054197,0.1,0.9
fluid_intelligence,6,1,cross_task,Cross-task,1.0,0.03,0.29154755988685005,0.2936639489509817,0.0021163890641316407,4.4824465575118895,4.47926195932873,3.7775620086748165,3.7790309902078456,0.44541907386852164,0.44697394261336354,0.0015548687448418974,4.221098144294006,4.211018606485414,3.503601983898988,3.49660987302648,0.4,0.6
fluid_intelligence,6,2,cross_task,Cross-task,0.1,0.03,0.1780532024493972,0.18658106919954742,0.008527866750150215,5.04350349380382,5.179657254837844,4.198670152299096,4.2453920255227695,0.2904649937934487,0.28494206819968515,-0.00552292559376355,4.644931041687586,4.687738525033883,3.897404911381439,3.930729860641524,0.55,0.45
fluid_intelligence,6,3,cross_task,Cross-task,0.1,2.0,0.1660162535742777,0.20145433870238755,0.035438085128109836,4.862188712587704,4.80440105869363,4.216074325276602,4.174131282671573,0.44340652329404995,0.44850179007085833,0.005095266776808383,4.184181192036451,4.1709941320244175,3.528619273903304,3.5103554752109996,0.3,0.7
fluid_intelligence,6,4,cross_task,Cross-task,0.1,0.03,0.21002035025755209,0.18923016066023163,-0.020790189597320458,5.7504591888444585,5.906574293137387,4.704870046416574,4.826329834612219,0.3952094567191138,0.37879036212613015,-0.01641909459298363,5.285846823870433,5.306602106630668,4.321878729202743,4.321543901532966,0.4,0.6
fluid_intelligence,7,0,cross_task,Cross-task,0.1,0.03,0.1393867352158623,0.15692342542989107,0.01753669021402876,4.9491838031539,5.032142657145681,4.203427013286176,4.2596156188777154,0.32685554373704706,0.3274096111864895,0.0005540674494424191,4.420174838217344,4.428214617977652,3.717640265120896,3.7003331040502148,0.3,0.7
fluid_intelligence,7,1,cross_task,Cross-task,0.01,1.0,0.19934320215774726,0.21412884915653257,0.014785646998785318,6.19441400067061,6.152800670796967,4.884066880047517,4.93180617694104,0.47699058805508343,0.4730201182269766,-0.003970469828106837,4.489335338018688,4.502890943216142,3.6097400443810543,3.61938940490674,0.2,0.8
fluid_intelligence,7,2,cross_task,Cross-task,0.1,0.03,0.13320826464498411,0.13481323476292423,0.0016049701179401132,5.259777982040906,5.4506193432782135,4.463133816805357,4.588661245958586,0.3686466496039288,0.3634274789570981,-0.005219170646830695,4.568720384828821,4.585666688172349,3.804754643216254,3.815929048738058,0.25,0.75
fluid_intelligence,7,3,cross_task,Cross-task,1.0,0.03,0.21166009851589274,0.1846591665042266,-0.027000932011666146,5.053020983274821,5.0999950806883145,4.277088463310546,4.278688805647793,0.3546427935519642,0.3522449271854381,-0.0023978663665261135,4.833254125948452,4.838336346826596,3.9813757267101995,3.974941245553117,0.25,0.75
fluid_intelligence,7,4,cross_task,Cross-task,1.0,0.03,0.29870463114985873,0.33429110995544925,0.035586478805590516,4.46792395202383,4.4085601018914256,3.797256932810362,3.753958983709763,0.307477034282482,0.32187750722066916,0.014400472938187137,4.490773886809747,4.466687414953445,3.763497713897403,3.7627430555654384,0.35,0.65
fluid_intelligence,8,0,cross_task,Cross-task,0.1,0.03,0.1841672113792555,0.16057926733925798,-0.023587944039997533,5.032816764822062,5.203560858995845,4.198102696785923,4.300640653885988,0.37157048866198794,0.3647154746247038,-0.006855014037284168,4.55371202269364,4.573090759424558,3.8318145255278355,3.831750934966755,0.25,0.75
fluid_intelligence,8,1,cross_task,Cross-task,0.1,5.0,0.139077476416877,0.13968824295896032,0.0006107665420833075,5.335123138491601,5.3679213035472015,4.214918954402374,4.179499335220966,0.3972857093750524,0.39462057642027626,-0.0026651329547761615,4.682805742377245,4.690632685484299,3.7502906774071487,3.729039393960735,0.35,0.65
fluid_intelligence,8,2,cross_task,Cross-task,1.0,0.03,0.198648234336997,0.22290257074649833,0.024254336409501337,4.769130074566631,4.775339850216483,3.926429173451968,3.8989741105816016,0.42314164249221564,0.4283694083533948,0.005227765861179179,4.450213136155783,4.439989285626833,3.6155468066225587,3.598440974137465,0.35,0.65
fluid_intelligence,8,3,cross_task,Cross-task,0.1,0.03,0.09474986112792412,0.13592761496755584,0.04117775383963172,5.001709227150535,4.992307704069453,4.240585837140005,4.186359620162179,0.19454994114324423,0.21513452295660968,0.02058458181336545,4.600507649695571,4.589554110037363,3.9492485573381644,3.909956430159207,0.55,0.45
fluid_intelligence,8,4,cross_task,Cross-task,0.1,0.03,0.28567180649978663,0.3086360389520642,0.022964232452277578,5.029642745830561,5.041833030000297,4.220388117784552,4.192204921357452,0.34718493037388537,0.34718493037388537,0.0,4.900316694218685,4.900316694218685,4.095020065285687,4.095020065285687,0.0,1.0
fluid_intelligence,9,0,cross_task,Cross-task,1.0,0.03,0.11999991082831427,0.14236009593292281,0.02236018510460855,5.020557174960445,5.051618295574514,4.203002173693838,4.181207317761591,0.5043142155107314,0.500521690839041,-0.003792524671690445,4.391445139246974,4.390383973782171,3.678526582586291,3.6645842056860967,0.3,0.7
fluid_intelligence,9,1,cross_task,Cross-task,0.1,0.03,0.19238506851663056,0.17855444069178927,-0.01383062782484129,5.216145998989501,5.310496818621536,4.417257066896584,4.509667875104292,0.3476370155956302,0.34503591705352443,-0.002601098542105773,4.801441579504079,4.814016771786272,4.07836523470147,4.084264706791997,0.3,0.7
fluid_intelligence,9,2,cross_task,Cross-task,0.1,0.1,0.2323722264259711,0.24112229957767922,0.008750073151708115,4.705161775029976,4.737587626157531,3.8984680059206003,3.8861215513292606,0.49288727438495766,0.4944870697292535,0.001599795344295829,4.1100001223600175,4.099668158776692,3.4048898681988087,3.3748930184857473,0.35,0.65
fluid_intelligence,9,3,cross_task,Cross-task,0.1,0.03,0.39350303562019695,0.3746318496756463,-0.018871185944550672,4.631698762374307,4.7233168652897595,3.7186931230177485,3.7747427685994177,0.41237413987334387,0.41223735886426305,-0.00013678100908082191,4.561839026728423,4.5623375220949915,3.707645578740025,3.7052395330908574,0.05,0.95
fluid_intelligence,9,4,cross_task,Cross-task,0.1,2.0,0.16035278708247946,0.20658156772876926,0.0462287806462898,5.400105069974528,5.352967228560498,4.408298544929205,4.351420861193169,0.30971721289769194,0.3322068058986096,0.022489593000917685,4.63723841389635,4.595933993611526,3.857596416481023,3.8039856907070746,0.35,0.65
fluid_intelligence,0,0,shuffled,Shuffled,0.1,0.03,0.2498648752458115,0.20569620363235078,-0.04416867161346072,4.59740331601536,4.847859128015987,3.5618210003465496,3.8120654602253983,0.5035872805373836,0.4908281304945619,-0.012759150042821632,3.778240683229312,3.810663410265601,2.934963060763742,2.967100700212124,0.3,0.7
fluid_intelligence,0,1,shuffled,Shuffled,1.0,0.03,0.26622722695683654,0.227101382226791,-0.039125844730045545,4.908968079584736,4.955741978402887,4.079864173960061,4.104915423768344,0.3803751148124611,0.3661031981875388,-0.014271916624922332,4.713845441493294,4.732162694907915,3.9920696157679343,4.004740540077184,0.5,0.5
fluid_intelligence,0,2,shuffled,Shuffled,0.1,0.03,0.18901800364847493,0.1968019927139798,0.0077839890655048705,5.295684551825395,5.408118933242078,4.449080629515014,4.468174749658661,0.3427747824605382,0.3507543933895848,0.007979610929046588,4.873298513341239,4.856520543573349,4.21158418768233,4.187929512431341,0.3,0.7
fluid_intelligence,0,3,shuffled,Shuffled,0.1,0.03,0.10007665754571855,0.11407129927028255,0.013994641724563994,5.112016109588531,5.234365039167813,4.352678039576576,4.427839050200928,0.2223067222068122,0.2289617394491304,0.006655017242318206,4.639606990243334,4.642290269656425,3.9754848718477347,4.003130833135927,0.4,0.6
fluid_intelligence,0,4,shuffled,Shuffled,1.0,5.0,0.23802140033174263,0.24681779370941553,0.008796393377672906,4.991281712660443,4.980288316230309,4.196462762980421,4.156418686188546,0.4284543941173692,0.4296184179169463,0.0011640237995771407,4.643493032922192,4.640630880192668,3.666736310588357,3.6618876810222463,0.15,0.85
fluid_intelligence,1,0,shuffled,Shuffled,0.1,0.03,0.2696443703158826,0.2448435151100407,-0.02480085520584191,4.52519419427188,4.694982011677647,3.68878082951137,3.8202923688079093,0.2435260520164807,0.24558628307451305,0.0020602310580323524,4.556409946685227,4.552475858984201,3.6338670569434224,3.6361704925990526,0.15,0.85
fluid_intelligence,1,1,shuffled,Shuffled,1.0,0.03,0.2764939622751191,0.22883782726262353,-0.04765613501249555,4.552879427190741,4.587866773231723,3.923278055981926,3.8885452109842755,0.38174003904688514,0.3821675016724577,0.0004274626255725833,4.33269627749268,4.330268962876775,3.5321497640581523,3.5235419691537926,0.1,0.9
fluid_intelligence,1,2,shuffled,Shuffled,0.1,0.03,0.252566758924114,0.21953741653956987,-0.033029342384544136,5.255102541797882,5.411955445233834,4.4948008536672335,4.542595138241402,0.43543553774921506,0.4315929219587286,-0.0038426157904864477,4.775079835866016,4.7834839872783945,3.9705845582386328,3.9776581557073447,0.2,0.8
fluid_intelligence,1,3,shuffled,Shuffled,0.1,0.03,0.11263585986504049,0.1371164261340826,0.024480566269042103,5.764763681010522,5.828959259469498,4.887287615628403,4.940962293584486,0.335068580698701,0.3400522368445768,0.004983656145875814,4.906988805709316,4.909161315019747,4.2612363935136575,4.273273381479634,0.45,0.55
fluid_intelligence,1,4,shuffled,Shuffled,1.0,0.03,0.2771576183784764,0.25178088785640024,-0.025376730522076174,4.688158168126925,4.738730517574058,3.981523731370287,4.021729578044423,0.3305163713065081,0.3309248062574878,0.00040843495097969695,4.60846138246618,4.608621135162381,3.8351364763866242,3.840519798997653,0.25,0.75
fluid_intelligence,2,0,shuffled,Shuffled,0.1,5.0,0.23038226051912297,0.2734655071125053,0.04308324659338231,5.232778731975933,5.190400178395128,4.361774702884773,4.2612113103629445,0.44830500098891424,0.45750024425633595,0.009195243267421715,4.6465440132968086,4.6259219974527825,3.8519555400941092,3.8345308528086157,0.2,0.8
fluid_intelligence,2,1,shuffled,Shuffled,0.01,5.0,0.12554983790190238,0.19704906839071704,0.07149923048881465,5.812956650324431,5.753109862651404,4.8932012571182,4.803929353451929,0.27586008389852723,0.3193442773530486,0.04348419345452137,4.677744633879978,4.586361641641829,4.02307831369821,3.9591832300491268,0.35,0.65
fluid_intelligence,2,2,shuffled,Shuffled,0.1,0.03,0.20688069110690244,0.17515182456066564,-0.0317288665462368,4.945563735906801,5.1447532968831196,3.914689976200785,4.098496846415511,0.43513123257211805,0.42661485048130854,-0.008516382090809516,4.239798736564312,4.260366405299718,3.471700142796811,3.497383335468269,0.25,0.75
fluid_intelligence,2,3,shuffled,Shuffled,1.0,0.03,0.37984415305995023,0.382035303753098,0.002191150693147792,4.714046557024127,4.673328045769046,3.93646064685768,3.8552739392639372,0.43663217450611086,0.44538942199469517,0.008757247488584308,4.56699295456554,4.5448171289535875,3.7169433078623437,3.6914280812025817,0.3,0.7
fluid_intelligence,2,4,shuffled,Shuffled,1.0,5.0,0.16872309868112256,0.16490198777298185,-0.003821110908140718,4.8081619594102145,4.83344668287106,4.224258221821008,4.234618809344809,0.3658618054180406,0.3663894037745725,0.0005275983565319331,4.570469288843583,4.570609064867281,3.841447765503463,3.8433870147353772,0.15,0.85
fluid_intelligence,3,0,shuffled,Shuffled,1.0,0.03,0.05956554641299743,-0.002509576726429666,-0.0620751231394271,4.914414614652624,5.073312768119869,4.261588007971004,4.389528403837294,0.24864849339514905,0.24179972835414004,-0.006848765041009008,4.759737612688746,4.774222263297981,4.028050695253986,4.045172082769737,0.2,0.8
fluid_intelligence,3,1,shuffled,Shuffled,0.1,5.0,0.12139512103348163,0.15194929860516382,0.03055417757168219,5.05764382533386,5.01570625952822,4.056795233590201,3.9917817232701194,0.3671957628813864,0.372676879823293,0.005481116941906616,4.478277575393996,4.465366250365753,3.6037203377618385,3.6051910586886646,0.15,0.85
fluid_intelligence,3,2,shuffled,Shuffled,1.0,0.03,0.3048616999401623,0.2962670206904162,-0.008594679249746107,4.613702965268328,4.6155241830302645,3.970883450133399,3.8975695343763337,0.3947829024105111,0.3966295483269353,0.0018466459164241944,4.428111803543018,4.4242076332365015,3.5240938269746582,3.514142618912153,0.2,0.8
fluid_intelligence,3,3,shuffled,Shuffled,1.0,0.03,0.3378026885329004,0.3321475638335688,-0.005655124699331604,4.819319032935634,4.802983084130469,4.109447636377374,4.110703431570321,0.434963542733158,0.43749775131155066,0.0025342085783926493,4.597561892009838,4.589482884784462,3.8454337300759565,3.8458432456312206,0.2,0.8
fluid_intelligence,3,4,shuffled,Shuffled,1.0,0.03,0.16181555608290119,0.1606288504468304,-0.0011867056360707895,4.956043526151937,4.984905560294209,4.182617190957694,4.181415253555976,0.2597353290990325,0.26379019354672817,0.00405486444769565,4.838539156754006,4.83173296085119,3.963261853533301,3.9503538903080098,0.25,0.75
fluid_intelligence,4,0,shuffled,Shuffled,1.0,0.03,0.2276770321772216,0.16517351201918867,-0.06250352015803293,4.705642215030457,4.794710914179766,4.145628649289529,4.207870261509174,0.3722206445721284,0.3722206445721284,0.0,4.509378582798186,4.509378582798186,3.694621165271517,3.694621165271517,0.0,1.0
fluid_intelligence,4,1,shuffled,Shuffled,0.1,5.0,0.09363832617341024,0.06955987478209347,-0.02407845139131677,5.00129735897689,5.110536948964438,4.06582828358693,4.143758887711975,0.37521704532452105,0.3625587614953446,-0.012658283829176442,4.304860971164059,4.339933711790474,3.604398470729724,3.636944128347941,0.3,0.7
fluid_intelligence,4,2,shuffled,Shuffled,1.0,0.03,0.1968126627954379,0.1514906466741052,-0.045322016121332714,4.8383343836187995,4.913769100510226,3.9229572927177676,3.956493290453012,0.34978068395324113,0.3364002775980647,-0.013380406355176455,4.582435676581324,4.604688411874163,3.780472868615796,3.7864361534798063,0.45,0.55
fluid_intelligence,4,3,shuffled,Shuffled,0.1,0.03,0.4035370873639398,0.3747860220417154,-0.02875106532222438,4.721641074088744,4.870002347539127,3.894611976794784,3.982016408943807,0.28807600250685395,0.29145382641065487,0.003377823903800925,4.9582982303520975,4.949253750912513,4.0613778368410705,4.056817923911583,0.15,0.85
fluid_intelligence,4,4,shuffled,Shuffled,0.1,0.03,0.2403244892337327,0.27184178133412906,0.03151729210039636,5.0000987188423665,4.97122762226028,4.181301019633754,4.122937970846026,0.4348980118377082,0.45317761103219156,0.018279599194483354,4.530529962336782,4.491553097588783,3.8508300325053684,3.8216572302627,0.55,0.45
fluid_intelligence,5,0,shuffled,Shuffled,0.1,0.03,0.264401778228878,0.23420302502709572,-0.03019875320178228,4.829683380970014,4.922487135208365,4.040169633277043,4.122027791622027,0.3169872973116017,0.31385881727808673,-0.0031284800335149576,4.667823968059283,4.672415656908313,3.855946771269161,3.87319367356546,0.2,0.8
fluid_intelligence,5,1,shuffled,Shuffled,0.1,0.03,0.18920298372808075,0.19093333782199742,0.0017303540939166695,4.98542415652217,5.124112357682031,4.0037691558753945,4.02055242071558,0.3809353425035342,0.38776032496530266,0.006824982461768436,4.395751215310932,4.377983130981264,3.624798447282275,3.616207413853303,0.25,0.75
fluid_intelligence,5,2,shuffled,Shuffled,1.0,0.1,0.08851974236607792,0.08426147458200198,-0.004258267784075939,5.357598285901994,5.447567352617344,4.452799657279598,4.5077283103123715,0.4253576581360954,0.4061795929503189,-0.01917806518577647,4.804097364511147,4.830185412730083,4.044600073244492,4.057676034361445,0.45,0.55
fluid_intelligence,5,3,shuffled,Shuffled,0.1,0.03,0.2944907874679295,0.24843482415777604,-0.046055963310153464,4.951709165594819,5.078361904122961,4.070361609682966,4.16896990154057,0.4429875593716094,0.4342960954273012,-0.008691463944308198,4.619979718239747,4.639657904280545,3.7216653147562213,3.7364815501068076,0.2,0.8
fluid_intelligence,5,4,shuffled,Shuffled,0.1,0.03,0.2708264499146316,0.25721016233220706,-0.013616287582424558,4.556509890573011,4.699198390373915,3.5997202127396024,3.7448547495554827,0.2741902287507701,0.2711047265371922,-0.0030855022135778953,4.379973620961866,4.401129426366649,3.7054589856355946,3.7008781455488786,0.4,0.6
fluid_intelligence,6,0,shuffled,Shuffled,1.0,0.03,0.198803865145266,0.16246705310805165,-0.03633681203721434,4.450710939035334,4.544041950810451,3.7645876140373313,3.8283469099531104,0.3040435149438103,0.303911360996666,-0.00013215394714433115,4.363990030300314,4.36420172900761,3.622921000250716,3.6239161741922428,0.1,0.9
fluid_intelligence,6,1,shuffled,Shuffled,1.0,0.03,0.29154755988685005,0.3196442040534415,0.028096644166591467,4.4824465575118895,4.434803824068048,3.7775620086748165,3.766590593021778,0.44541907386852164,0.45328033556691044,0.0078612616983888,4.221098144294006,4.197916729368968,3.503601983898988,3.4997375887953446,0.4,0.6
fluid_intelligence,6,2,shuffled,Shuffled,0.1,0.03,0.1780532024493972,0.18294605872884445,0.004892856279447244,5.04350349380382,5.12094081302039,4.198670152299096,4.313649153820366,0.2904649937934487,0.2897979662081305,-0.000667027585318225,4.644931041687586,4.661533150118306,3.897404911381439,3.957071305761302,0.55,0.45
fluid_intelligence,6,3,shuffled,Shuffled,0.1,2.0,0.1660162535742777,0.1858947136194752,0.0198784600451975,4.862188712587704,4.7916467768189115,4.216074325276602,4.138049488657673,0.44340652329404995,0.4510266734510062,0.0076201501569562735,4.184181192036451,4.167871683893597,3.528619273903304,3.525140197023462,0.3,0.7
fluid_intelligence,6,4,shuffled,Shuffled,0.1,0.03,0.21002035025755209,0.2216295859897816,0.011609235732229523,5.7504591888444585,5.796324970681184,4.704870046416574,4.6708201573421135,0.3952094567191138,0.4038789941583346,0.008669537439220831,5.285846823870433,5.266123743667054,4.321878729202743,4.287945223504841,0.4,0.6
fluid_intelligence,7,0,shuffled,Shuffled,0.1,0.03,0.1393867352158623,0.11181302251390372,-0.02757371270195859,4.9491838031539,5.156259486273636,4.203427013286176,4.372339451325349,0.32685554373704706,0.31574991719964546,-0.011105626537401603,4.420174838217344,4.44845588643504,3.717640265120896,3.7506678467678713,0.3,0.7
fluid_intelligence,7,1,shuffled,Shuffled,0.01,1.0,0.19934320215774726,0.2195272908924795,0.020184088734732236,6.19441400067061,6.202782270145776,4.884066880047517,4.888317393398949,0.47699058805508343,0.48355835121254453,0.006567763157461104,4.489335338018688,4.469923259302526,3.6097400443810543,3.6142021756663185,0.2,0.8
fluid_intelligence,7,2,shuffled,Shuffled,0.1,0.03,0.13320826464498411,0.12753130940257956,-0.005676955242404552,5.259777982040906,5.349777718857002,4.463133816805357,4.533991319929595,0.3686466496039288,0.3675608311726566,-0.0010858184312722008,4.568720384828821,4.570777973867691,3.804754643216254,3.8176146554358112,0.25,0.75
fluid_intelligence,7,3,shuffled,Shuffled,1.0,0.03,0.21166009851589274,0.20699803567836428,-0.004662062837528458,5.053020983274821,5.067211578350755,4.277088463310546,4.280016778240369,0.3546427935519642,0.35684205164576,0.002199258093795786,4.833254125948452,4.828902120860388,3.9813757267101995,3.9803700475015424,0.25,0.75
fluid_intelligence,7,4,shuffled,Shuffled,1.0,0.03,0.29870463114985873,0.274497090821544,-0.024207540328314736,4.46792395202383,4.494647007776708,3.797256932810362,3.7800901591378713,0.307477034282482,0.30927720174519696,0.001800167462714941,4.490773886809747,4.489745863360168,3.763497713897403,3.754524859626859,0.35,0.65
fluid_intelligence,8,0,shuffled,Shuffled,0.1,0.03,0.1841672113792555,0.13705376323222557,-0.047113448147029946,5.032816764822062,5.309248739978421,4.198102696785923,4.398470233778816,0.37157048866198794,0.3625731618259568,-0.008997326836031161,4.55371202269364,4.577073337689883,3.8318145255278355,3.846410581688865,0.25,0.75
fluid_intelligence,8,1,shuffled,Shuffled,0.1,5.0,0.139077476416877,0.17787412107439174,0.03879664465751473,5.335123138491601,5.386932052997377,4.214918954402374,4.254240977977536,0.3972857093750524,0.4036199346230638,0.00633422524801136,4.682805742377245,4.67340024546557,3.7502906774071487,3.7346764776374246,0.35,0.65
fluid_intelligence,8,2,shuffled,Shuffled,1.0,0.03,0.198648234336997,0.20757998571839398,0.008931751381396985,4.769130074566631,4.801292835819875,3.926429173451968,3.9357403917683484,0.42314164249221564,0.42344650263255496,0.00030486014033931363,4.450213136155783,4.453740271179858,3.6155468066225587,3.608128412929223,0.35,0.65
fluid_intelligence,8,3,shuffled,Shuffled,0.1,0.03,0.09474986112792412,0.056396077994140925,-0.038353783133783195,5.001709227150535,5.161571350785265,4.240585837140005,4.377629813617001,0.19454994114324423,0.16518025352359664,-0.02936968761964759,4.600507649695571,4.669179938808056,3.9492485573381644,3.9973946428392164,0.55,0.45
fluid_intelligence,8,4,shuffled,Shuffled,0.1,0.03,0.28567180649978663,0.3105028123416799,0.024831005841893294,5.029642745830561,5.008498086747664,4.220388117784552,4.113564335849938,0.34718493037388537,0.34718493037388537,0.0,4.900316694218685,4.900316694218685,4.095020065285687,4.095020065285687,0.0,1.0
fluid_intelligence,9,0,shuffled,Shuffled,1.0,0.03,0.11999991082831427,0.14922583477010432,0.02922592394179005,5.020557174960445,5.002356488235693,4.203002173693838,4.172310131720321,0.5043142155107314,0.5095895907398168,0.005275375229085388,4.391445139246974,4.378188949716166,3.678526582586291,3.6641964807911855,0.3,0.7
fluid_intelligence,9,1,shuffled,Shuffled,0.1,0.03,0.19238506851663056,0.18662028803757122,-0.005764780479059345,5.216145998989501,5.354560893057158,4.417257066896584,4.528242271339839,0.3476370155956302,0.3503311130099991,0.002694097414368879,4.801441579504079,4.802975943967173,4.07836523470147,4.077165694447395,0.3,0.7
fluid_intelligence,9,2,shuffled,Shuffled,0.1,0.1,0.2323722264259711,0.21859925690615728,-0.013772969519813827,4.705161775029976,4.7976063338454065,3.8984680059206003,3.903108773155892,0.49288727438495766,0.4892122124179329,-0.003675061967024773,4.1100001223600175,4.113279250853796,3.4048898681988087,3.4030752150592405,0.35,0.65
fluid_intelligence,9,3,shuffled,Shuffled,0.1,0.03,0.39350303562019695,0.3938476636555513,0.00034462803535434405,4.631698762374307,4.691544151802774,3.7186931230177485,3.771894444148058,0.41237413987334387,0.41430069114671403,0.0019265512733701584,4.561839026728423,4.557416122953359,3.707645578740025,3.7031718293892997,0.05,0.95
fluid_intelligence,9,4,shuffled,Shuffled,0.1,2.0,0.16035278708247946,0.180764729524832,0.020411942442352532,5.400105069974528,5.34630135728006,4.408298544929205,4.346144606636801,0.30971721289769194,0.32124322857370347,0.011526015676011525,4.63723841389635,4.612770200785824,3.857596416481023,3.831882749212413,0.35,0.65
fluid_intelligence,0,0,random,Random,0.1,0.03,0.2498648752458115,0.22862219318629173,-0.021242682059519763,4.59740331601536,4.774387894414291,3.5618210003465496,3.7069282053847967,0.5035872805373836,0.49583841227966235,-0.007748868257721198,3.778240683229312,3.7988945619157968,2.934963060763742,2.928957621612544,0.3,0.7
fluid_intelligence,0,1,random,Random,1.0,0.03,0.26622722695683654,0.2572697779808577,-0.008957448975978832,4.908968079584736,4.9178989433805205,4.079864173960061,4.098426162797982,0.3803751148124611,0.37695123838484673,-0.0034238764276143807,4.713845441493294,4.710423338737447,3.9920696157679343,4.007939520994971,0.5,0.5
fluid_intelligence,0,2,random,Random,0.1,0.03,0.18901800364847493,0.16294182072910038,-0.026076182919374552,5.295684551825395,5.492373174703086,4.449080629515014,4.528372647394318,0.3427747824605382,0.33668316235096396,-0.006091620109574258,4.873298513341239,4.893938295760428,4.21158418768233,4.214917882943356,0.3,0.7
fluid_intelligence,0,3,random,Random,0.1,0.03,0.10007665754571855,0.07738152825463954,-0.022695129291079016,5.112016109588531,5.347018345734937,4.352678039576576,4.547389287284305,0.2223067222068122,0.20813257516495284,-0.014174147041859347,4.639606990243334,4.688736259341726,3.9754848718477347,4.045899118662329,0.4,0.6
fluid_intelligence,0,4,random,Random,1.0,5.0,0.23802140033174263,0.25095709767584096,0.01293569734409833,4.991281712660443,4.976674254203983,4.196462762980421,4.133612674263381,0.4284543941173692,0.4307946962022746,0.0023403020849054323,4.643493032922192,4.637726652174969,3.666736310588357,3.6630157812511053,0.15,0.85
fluid_intelligence,1,0,random,Random,0.1,0.03,0.2696443703158826,0.27236181496177697,0.0027174446458943513,4.52519419427188,4.612784084262318,3.68878082951137,3.7375988298293037,0.2435260520164807,0.24885856202417078,0.005332510007690083,4.556409946685227,4.548037928408731,3.6338670569434224,3.628598582824942,0.15,0.85
fluid_intelligence,1,1,random,Random,1.0,0.03,0.2764939622751191,0.2899653565039313,0.013471394228812217,4.552879427190741,4.54944394088349,3.923278055981926,3.907340837070636,0.38174003904688514,0.38468252280842485,0.002942483761539716,4.33269627749268,4.3278954567202454,3.5321497640581523,3.5259952421457244,0.1,0.9
fluid_intelligence,1,2,random,Random,0.1,0.03,0.252566758924114,0.22427034135641272,-0.028296417567701293,5.255102541797882,5.403835200788305,4.4948008536672335,4.565480469135703,0.43543553774921506,0.43381055252043077,-0.0016249852287842925,4.775079835866016,4.778340641323405,3.9705845582386328,3.965724661388527,0.2,0.8
fluid_intelligence,1,3,random,Random,0.1,0.03,0.11263585986504049,0.09409565356817881,-0.018540206296861678,5.764763681010522,6.001364612067074,4.887287615628403,5.0623454488629545,0.335068580698701,0.32080251518813324,-0.01426606551056775,4.906988805709316,4.970726904120524,4.2612363935136575,4.316742579179538,0.45,0.55
fluid_intelligence,1,4,random,Random,1.0,0.03,0.2771576183784764,0.27367133485046197,-0.0034862835280144444,4.688158168126925,4.716070147439443,3.981523731370287,3.9732577559358084,0.3305163713065081,0.33377539829568803,0.003259026989179903,4.60846138246618,4.606242045851352,3.8351364763866242,3.8311218068352004,0.25,0.75
fluid_intelligence,2,0,random,Random,0.1,5.0,0.23038226051912297,0.2519920617544267,0.021609801235303705,5.232778731975933,5.218709676504711,4.361774702884773,4.3338706710608745,0.44830500098891424,0.4575716987659004,0.009266697776986188,4.6465440132968086,4.620813116517922,3.8519555400941092,3.8191608772634784,0.2,0.8
fluid_intelligence,2,1,random,Random,0.01,5.0,0.12554983790190238,0.12163486906936202,-0.003914968832540361,5.812956650324431,5.7037666006202725,4.8932012571182,4.860718489814526,0.27586008389852723,0.2835145486255968,0.007654464727069543,4.677744633879978,4.639782226758282,4.02307831369821,3.9886948797416393,0.35,0.65
fluid_intelligence,2,2,random,Random,0.1,0.03,0.20688069110690244,0.2106761039094363,0.0037954128025338707,4.945563735906801,5.06407713484414,3.914689976200785,4.0499872570701285,0.43513123257211805,0.43553564275323464,0.0004044101811165879,4.239798736564312,4.239610066333297,3.471700142796811,3.466780497515662,0.25,0.75
fluid_intelligence,2,3,random,Random,1.0,0.03,0.37984415305995023,0.3663788516346099,-0.013465301425340304,4.714046557024127,4.706595058850503,3.93646064685768,3.9012221675856082,0.43663217450611086,0.4433336747962425,0.006701500290131668,4.56699295456554,4.552164313372998,3.7169433078623437,3.7087647542840405,0.3,0.7
fluid_intelligence,2,4,random,Random,1.0,5.0,0.16872309868112256,0.18681195626228897,0.018088857581166407,4.8081619594102145,4.808419685186508,4.224258221821008,4.220597588741238,0.3658618054180406,0.36753963861943095,0.0016778332013903663,4.570469288843583,4.568763655833701,3.841447765503463,3.8475479851239847,0.15,0.85
fluid_intelligence,3,0,random,Random,1.0,0.03,0.05956554641299743,0.036828561086695674,-0.022736985326301758,4.914414614652624,5.016133095328494,4.261588007971004,4.354379843525807,0.24864849339514905,0.24537063671273437,-0.003277856682414676,4.759737612688746,4.769894168796153,4.028050695253986,4.034487943886008,0.2,0.8
fluid_intelligence,3,1,random,Random,0.1,5.0,0.12139512103348163,0.15347842229993847,0.03208330126645684,5.05764382533386,5.187324500143539,4.056795233590201,4.041867408751432,0.3671957628813864,0.37242803915471784,0.005232276273331449,4.478277575393996,4.470040155256131,3.6037203377618385,3.5870987430492742,0.15,0.85
fluid_intelligence,3,2,random,Random,1.0,0.03,0.3048616999401623,0.3129872420071212,0.008125542066958868,4.613702965268328,4.5889309981664645,3.970883450133399,3.8804017128732355,0.3947829024105111,0.40019778348388635,0.005414881073375233,4.428111803543018,4.416510152476128,3.5240938269746582,3.514374148250993,0.2,0.8
fluid_intelligence,3,3,random,Random,1.0,0.03,0.3378026885329004,0.354685316716973,0.0168826281840726,4.819319032935634,4.766895954948526,4.109447636377374,4.05268460405117,0.434963542733158,0.44165023629784655,0.0066866935646885395,4.597561892009838,4.581065586687053,3.8454337300759565,3.8264886420281536,0.2,0.8
fluid_intelligence,3,4,random,Random,1.0,0.03,0.16181555608290119,0.15786143343643716,-0.0039541226464640256,4.956043526151937,4.992385695989308,4.182617190957694,4.1816755546188435,0.2597353290990325,0.26106590654465733,0.0013305774456248143,4.838539156754006,4.838672948743992,3.963261853533301,3.956933274650202,0.25,0.75
fluid_intelligence,4,0,random,Random,1.0,0.03,0.2276770321772216,0.22054081120495556,-0.007136220972266044,4.705642215030457,4.719984336838846,4.145628649289529,4.156698359369486,0.3722206445721284,0.3722206445721284,0.0,4.509378582798186,4.509378582798186,3.694621165271517,3.694621165271517,0.0,1.0
fluid_intelligence,4,1,random,Random,0.1,5.0,0.09363832617341024,0.08571087283205549,-0.007927453341354751,5.00129735897689,5.158311036706624,4.06582828358693,4.151660077287733,0.37521704532452105,0.36583231767962443,-0.009384727644896618,4.304860971164059,4.335689734947328,3.604398470729724,3.597540324719417,0.3,0.7
fluid_intelligence,4,2,random,Random,1.0,0.03,0.1968126627954379,0.21334583083553238,0.01653316804009447,4.8383343836187995,4.850720602017826,3.9229572927177676,3.922116898827804,0.34978068395324113,0.35444318557224286,0.004662501619001724,4.582435676581324,4.57331795903381,3.780472868615796,3.744603981336958,0.45,0.55
fluid_intelligence,4,3,random,Random,0.1,0.03,0.4035370873639398,0.3775576813002224,-0.025979406063717403,4.721641074088744,4.833573591337545,3.894611976794784,3.9573739264120293,0.28807600250685395,0.288059733243729,-1.626926312492394e-05,4.9582982303520975,4.958570484069098,4.0613778368410705,4.053565437073346,0.15,0.85
fluid_intelligence,4,4,random,Random,0.1,0.03,0.2403244892337327,0.20173068964139113,-0.03859379959234158,5.0000987188423665,5.1704170996463805,4.181301019633754,4.327252666005876,0.4348980118377082,0.3996040696224749,-0.0352939422152333,4.530529962336782,4.596363241857911,3.8508300325053684,3.9021224725440824,0.55,0.45
fluid_intelligence,5,0,random,Random,0.1,0.03,0.264401778228878,0.25094445995203996,-0.013457318276838048,4.829683380970014,4.935260381434089,4.040169633277043,4.070128105570229,0.3169872973116017,0.31721974299565026,0.00023244568404856558,4.667823968059283,4.6710030057914365,3.855946771269161,3.859186475128627,0.2,0.8
fluid_intelligence,5,1,random,Random,0.1,0.03,0.18920298372808075,0.17450592509422788,-0.014697058633852872,4.98542415652217,5.173411851900072,4.0037691558753945,4.132624931027246,0.3809353425035342,0.37781079649043214,-0.003124546013102081,4.395751215310932,4.410806207707583,3.624798447282275,3.632371553482629,0.25,0.75
fluid_intelligence,5,2,random,Random,1.0,0.1,0.08851974236607792,0.08855669142629014,3.6949060212218554e-05,5.357598285901994,5.414251802730769,4.452799657279598,4.465925065378818,0.4253576581360954,0.41188706994385293,-0.01347058819224245,4.804097364511147,4.8214005244999205,4.044600073244492,4.050917482216017,0.45,0.55
fluid_intelligence,5,3,random,Random,0.1,0.03,0.2944907874679295,0.2486923380261311,-0.045798449441798394,4.951709165594819,5.105982643020612,4.070361609682966,4.142706011104541,0.4429875593716094,0.43657778641467787,-0.006409772956931514,4.619979718239747,4.634555341117437,3.7216653147562213,3.717496772471939,0.2,0.8
fluid_intelligence,5,4,random,Random,0.1,0.03,0.2708264499146316,0.2444327546541896,-0.026393695260442024,4.556509890573011,4.755481494716603,3.5997202127396024,3.733014362702648,0.2741902287507701,0.2685895558752625,-0.005600672875507584,4.379973620961866,4.405053632150831,3.7054589856355946,3.728898614744721,0.4,0.6
fluid_intelligence,6,0,random,Random,1.0,0.03,0.198803865145266,0.2006590405080373,0.0018551753627712997,4.450710939035334,4.47597860992376,3.7645876140373313,3.7449894491783855,0.3040435149438103,0.30627574886343956,0.002232233919629234,4.363990030300314,4.359159306313416,3.622921000250716,3.61997093800786,0.1,0.9
fluid_intelligence,6,1,random,Random,1.0,0.03,0.29154755988685005,0.2778106676517236,-0.013736892235126474,4.4824465575118895,4.505208910079486,3.7775620086748165,3.8185796627364845,0.44541907386852164,0.4407763253511896,-0.00464274851733204,4.221098144294006,4.222203329044421,3.503601983898988,3.510200752346095,0.4,0.6
fluid_intelligence,6,2,random,Random,0.1,0.03,0.1780532024493972,0.13785341340680113,-0.04019978904259608,5.04350349380382,5.323726556949314,4.198670152299096,4.397116082084133,0.2904649937934487,0.25023081305275097,-0.040234180740697734,4.644931041687586,4.758742914105035,3.897404911381439,3.983840918599061,0.55,0.45
fluid_intelligence,6,3,random,Random,0.1,2.0,0.1660162535742777,0.17711067436765143,0.011094420793373722,4.862188712587704,4.845289016051299,4.216074325276602,4.1478950710875875,0.44340652329404995,0.4468419197166326,0.0034353964225826705,4.184181192036451,4.1812621949932725,3.528619273903304,3.508804627016984,0.3,0.7
fluid_intelligence,6,4,random,Random,0.1,0.03,0.21002035025755209,0.1663868784610028,-0.04363347179654928,5.7504591888444585,5.961314219122599,4.704870046416574,4.826200679555148,0.3952094567191138,0.36699120012318454,-0.028218256595929248,5.285846823870433,5.337157890955102,4.321878729202743,4.3592270949396905,0.4,0.6
fluid_intelligence,7,0,random,Random,0.1,0.03,0.1393867352158623,0.09436578717060959,-0.04502094804525272,4.9491838031539,5.240306152930101,4.203427013286176,4.4241632413736,0.32685554373704706,0.3081872921929375,-0.01866825154410956,4.420174838217344,4.4644667743036655,3.717640265120896,3.7499759996184037,0.3,0.7
fluid_intelligence,7,1,random,Random,0.01,1.0,0.19934320215774726,0.18824451182929927,-0.011098690328447985,6.19441400067061,6.246279923160047,4.884066880047517,4.926338020755208,0.47699058805508343,0.47028907019736554,-0.006701517857717887,4.489335338018688,4.509743033788781,3.6097400443810543,3.6244777077567925,0.2,0.8
fluid_intelligence,7,2,random,Random,0.1,0.03,0.13320826464498411,0.09199157191709256,-0.04121669272789155,5.259777982040906,5.550969671655343,4.463133816805357,4.672475609334937,0.3686466496039288,0.3505572633937471,-0.01808938621018169,4.568720384828821,4.606809565889356,3.804754643216254,3.831262587369764,0.25,0.75
fluid_intelligence,7,3,random,Random,1.0,0.03,0.21166009851589274,0.24788909548728977,0.03622899697139703,5.053020983274821,5.005182066359338,4.277088463310546,4.205627498698559,0.3546427935519642,0.3637579042908816,0.009115110738917409,4.833254125948452,4.813109921424778,3.9813757267101995,3.970383893134001,0.25,0.75
fluid_intelligence,7,4,random,Random,1.0,0.03,0.29870463114985873,0.3053034132028776,0.006598782053018892,4.46792395202383,4.450652761036129,3.797256932810362,3.7473312076178087,0.307477034282482,0.31447849008944734,0.007001455806965318,4.490773886809747,4.480192779860853,3.763497713897403,3.7568768697231665,0.35,0.65
fluid_intelligence,8,0,random,Random,0.1,0.03,0.1841672113792555,0.11557783920508177,-0.06858937217417374,5.032816764822062,5.326959873373739,4.198102696785923,4.431278596316095,0.37157048866198794,0.35426172392398014,-0.017308764738007798,4.55371202269364,4.596161938910291,3.8318145255278355,3.8607039695480885,0.25,0.75
fluid_intelligence,8,1,random,Random,0.1,5.0,0.139077476416877,0.1697056803805136,0.03062820396363658,5.335123138491601,5.341224471664406,4.214918954402374,4.204277607524469,0.3972857093750524,0.40489778142322813,0.007612072048175711,4.682805742377245,4.666743848229052,3.7502906774071487,3.727644711326507,0.35,0.65
fluid_intelligence,8,2,random,Random,1.0,0.03,0.198648234336997,0.24953500684201874,0.05088677250502174,4.769130074566631,4.7269549974726965,3.926429173451968,3.8957359662424196,0.42314164249221564,0.43657483331093094,0.013433190818715302,4.450213136155783,4.424354405042182,3.6155468066225587,3.5808932767293253,0.35,0.65
fluid_intelligence,8,3,random,Random,0.1,0.03,0.09474986112792412,0.07275973474096346,-0.021990126386960657,5.001709227150535,5.179331040836885,4.240585837140005,4.365310652200614,0.19454994114324423,0.17290209104844234,-0.021647850094801885,4.600507649695571,4.660224715758169,3.9492485573381644,3.9857272656591336,0.55,0.45
fluid_intelligence,8,4,random,Random,0.1,0.03,0.28567180649978663,0.26329823991098855,-0.022373566588798077,5.029642745830561,5.1592939629588646,4.220388117784552,4.205154749962699,0.34718493037388537,0.34718493037388537,0.0,4.900316694218685,4.900316694218685,4.095020065285687,4.095020065285687,0.0,1.0
fluid_intelligence,9,0,random,Random,1.0,0.03,0.11999991082831427,0.14005237274084176,0.02005246191252749,5.020557174960445,5.048083847876612,4.203002173693838,4.183215892545908,0.5043142155107314,0.5051942623380287,0.0008800468272972539,4.391445139246974,4.383565371542057,3.678526582586291,3.6629415573191095,0.3,0.7
fluid_intelligence,9,1,random,Random,0.1,0.03,0.19238506851663056,0.1424843095633186,-0.049900758953311974,5.216145998989501,5.4286223713260675,4.417257066896584,4.556033605890782,0.3476370155956302,0.3332561851265421,-0.014380830469088113,4.801441579504079,4.8437607845408115,4.07836523470147,4.11548619462907,0.3,0.7
fluid_intelligence,9,2,random,Random,0.1,0.1,0.2323722264259711,0.2225217254580334,-0.009850500967937714,4.705161775029976,4.799451106999821,3.8984680059206003,3.985191161104444,0.49288727438495766,0.49219378433721894,-0.0006934900477387207,4.1100001223600175,4.108951487085411,3.4048898681988087,3.3976729502610197,0.35,0.65
fluid_intelligence,9,3,random,Random,0.1,0.03,0.39350303562019695,0.40277264025133175,0.009269604631134798,4.631698762374307,4.658880718194726,3.7186931230177485,3.7779620919212022,0.41237413987334387,0.41428883389716464,0.0019146940238207732,4.561839026728423,4.557465538745172,3.707645578740025,3.7034729891397338,0.05,0.95
fluid_intelligence,9,4,random,Random,0.1,2.0,0.16035278708247946,0.1651398904969435,0.004787103414464033,5.400105069974528,5.45231508523323,4.408298544929205,4.41050506122249,0.30971721289769194,0.3107260794155012,0.001008866517809237,4.63723841389635,4.641605838291841,3.857596416481023,3.8373650649876048,0.35,0.65
