task,seed,condition,fold_i,fold_j,fc_alpha_i,fc_alpha_j,sc_alpha_i,sc_alpha_j,prediction_correlation
working_memory,0,R0,0,1,100.0,100.0,100.0,0.001,0.07304479241005835
working_memory,0,R0,0,2,100.0,100.0,100.0,100.0,0.04859546587433747
working_memory,0,R0,0,3,100.0,100.0,100.0,100.0,-0.015269751091085209
working_memory,0,R0,0,4,100.0,100.0,100.0,0.001,-0.005800981704596164
working_memory,0,R0,1,2,100.0,100.0,0.001,100.0,-0.07961384834731881
working_memory,0,R0,1,3,100.0,100.0,0.001,100.0,0.008260685016488719
working_memory,0,R0,1,4,100.0,100.0,0.001,0.001,0.024303174758655215
working_memory,0,R0,2,3,100.0,100.0,100.0,100.0,-0.1487685157976078
working_memory,0,R0,2,4,100.0,100.0,100.0,0.001,-0.0823347590905628
working_memory,0,R0,3,4,100.0,100.0,100.0,0.001,0.05462500408136612
working_memory,0,R1,0,1,100.0,100.0,100.0,0.001,0.07304479241005835
working_memory,0,R1,0,2,100.0,100.0,100.0,100.0,0.04859546587433747
working_memory,0,R1,0,3,100.0,100.0,100.0,100.0,-0.015269751091085209
working_memory,0,R1,0,4,100.0,100.0,100.0,0.001,-0.005800981704596164
working_memory,0,R1,1,2,100.0,100.0,0.001,100.0,-0.07961384834731881
working_memory,0,R1,1,3,100.0,100.0,0.001,100.0,0.008260685016488719
working_memory,0,R1,1,4,100.0,100.0,0.001,0.001,0.024303174758655215
working_memory,0,R1,2,3,100.0,100.0,100.0,100.0,-0.1487685157976078
working_memory,0,R1,2,4,100.0,100.0,100.0,0.001,-0.0823347590905628
working_memory,0,R1,3,4,100.0,100.0,100.0,0.001,0.05462500408136612
working_memory,0,R2,0,1,100.0,100.0,100.0,0.001,0.05574912891986063
working_memory,0,R2,0,2,100.0,100.0,100.0,100.0,-0.004538479119730957
working_memory,0,R2,0,3,100.0,100.0,100.0,100.0,-0.009588489459191782
working_memory,0,R2,0,4,100.0,100.0,100.0,0.001,0.004560246405676909
working_memory,0,R2,1,2,100.0,100.0,0.001,100.0,-0.08906085044786191
working_memory,0,R2,1,3,100.0,100.0,0.001,100.0,0.038996092772172704
working_memory,0,R2,1,4,100.0,100.0,0.001,0.001,0.044198474113255184
working_memory,0,R2,2,3,100.0,100.0,100.0,100.0,-0.16500691111328786
working_memory,0,R2,2,4,100.0,100.0,100.0,0.001,-0.08296601038299539
working_memory,0,R2,3,4,100.0,100.0,100.0,0.001,0.05721531110893439
working_memory,0,R3,0,1,100.0,100.0,100.0,0.001,0.05574912891986063
working_memory,0,R3,0,2,100.0,100.0,100.0,100.0,-0.004538479119730957
working_memory,0,R3,0,3,100.0,100.0,100.0,100.0,-0.009588489459191782
working_memory,0,R3,0,4,100.0,100.0,100.0,0.001,0.004560246405676909
working_memory,0,R3,1,2,100.0,100.0,0.001,100.0,-0.08906085044786191
working_memory,0,R3,1,3,100.0,100.0,0.001,100.0,0.038996092772172704
working_memory,0,R3,1,4,100.0,100.0,0.001,0.001,0.044198474113255184
working_memory,0,R3,2,3,100.0,100.0,100.0,100.0,-0.16500691111328786
working_memory,0,R3,2,4,100.0,100.0,100.0,0.001,-0.08296601038299539
working_memory,0,R3,3,4,100.0,100.0,100.0,0.001,0.05721531110893439
working_memory,1,R0,0,1,100.0,100.0,100.0,100.0,-0.21132614080013432
working_memory,1,R0,0,2,100.0,100.0,100.0,100.0,0.034555566439198535
working_memory,1,R0,0,3,100.0,0.001,100.0,100.0,0.009980300606218915
working_memory,1,R0,0,4,100.0,100.0,100.0,100.0,0.10630054091705575
working_memory,1,R0,1,2,100.0,100.0,100.0,100.0,-0.08059337621488666
working_memory,1,R0,1,3,100.0,0.001,100.0,100.0,0.01596630424135567
working_memory,1,R0,1,4,100.0,100.0,100.0,100.0,0.10427618332408224
working_memory,1,R0,2,3,100.0,0.001,100.0,100.0,-0.10610463534354218
working_memory,1,R0,2,4,100.0,100.0,100.0,100.0,-0.029418486955953897
working_memory,1,R0,3,4,0.001,100.0,100.0,100.0,-0.01703290125270731
working_memory,1,R1,0,1,100.0,100.0,100.0,100.0,-0.21132614080013432
working_memory,1,R1,0,2,100.0,100.0,100.0,100.0,0.034555566439198535
working_memory,1,R1,0,3,100.0,0.001,100.0,100.0,0.009980300606218915
working_memory,1,R1,0,4,100.0,100.0,100.0,100.0,0.10630054091705575
working_memory,1,R1,1,2,100.0,100.0,100.0,100.0,-0.08059337621488666
working_memory,1,R1,1,3,100.0,0.001,100.0,100.0,0.01596630424135567
working_memory,1,R1,1,4,100.0,100.0,100.0,100.0,0.10427618332408224
working_memory,1,R1,2,3,100.0,0.001,100.0,100.0,-0.10610463534354218
working_memory,1,R1,2,4,100.0,100.0,100.0,100.0,-0.029418486955953897
working_memory,1,R1,3,4,0.001,100.0,100.0,100.0,-0.01703290125270731
working_memory,1,R2,0,1,100.0,100.0,100.0,100.0,-0.22144326434658493
working_memory,1,R2,0,2,100.0,100.0,100.0,100.0,0.1073236033565155
working_memory,1,R2,0,3,100.0,0.001,100.0,100.0,0.010763922900273181
working_memory,1,R2,0,4,100.0,100.0,100.0,100.0,0.12948270044949445
working_memory,1,R2,1,2,100.0,100.0,100.0,100.0,-0.10120699600570303
working_memory,1,R2,1,3,100.0,0.001,100.0,100.0,0.043828430252174005
working_memory,1,R2,1,4,100.0,100.0,100.0,100.0,0.10579989334029888
working_memory,1,R2,2,3,100.0,0.001,100.0,100.0,-0.13098464317976513
working_memory,1,R2,2,4,100.0,100.0,100.0,100.0,-0.03092042968622457
working_memory,1,R2,3,4,0.001,100.0,100.0,100.0,-0.05253534463055474
working_memory,1,R3,0,1,100.0,100.0,100.0,100.0,-0.22144326434658493
working_memory,1,R3,0,2,100.0,100.0,100.0,100.0,0.1073236033565155
working_memory,1,R3,0,3,100.0,0.001,100.0,100.0,0.010763922900273181
working_memory,1,R3,0,4,100.0,100.0,100.0,100.0,0.12948270044949445
working_memory,1,R3,1,2,100.0,100.0,100.0,100.0,-0.10120699600570303
working_memory,1,R3,1,3,100.0,0.001,100.0,100.0,0.043828430252174005
working_memory,1,R3,1,4,100.0,100.0,100.0,100.0,0.10579989334029888
working_memory,1,R3,2,3,100.0,0.001,100.0,100.0,-0.13098464317976513
working_memory,1,R3,2,4,100.0,100.0,100.0,100.0,-0.03092042968622457
working_memory,1,R3,3,4,0.001,100.0,100.0,100.0,-0.05253534463055474
working_memory,2,R0,0,1,100.0,100.0,100.0,100.0,0.12486881323202216
working_memory,2,R0,0,2,100.0,100.0,100.0,100.0,-0.040454500930551474
working_memory,2,R0,0,3,100.0,100.0,100.0,100.0,-0.0059751199921637774
working_memory,2,R0,0,4,100.0,100.0,100.0,100.0,-0.046984686714337025
working_memory,2,R0,1,2,100.0,100.0,100.0,100.0,-0.08614403413110439
working_memory,2,R0,1,3,100.0,100.0,100.0,100.0,-0.04587455513109348
working_memory,2,R0,1,4,100.0,100.0,100.0,100.0,-0.03701526975109109
working_memory,2,R0,2,3,100.0,100.0,100.0,100.0,0.21755313938681559
working_memory,2,R0,2,4,100.0,100.0,100.0,100.0,0.010459180897029853
working_memory,2,R0,3,4,100.0,100.0,100.0,100.0,-0.09885612912354023
working_memory,2,R1,0,1,100.0,100.0,100.0,100.0,0.12486881323202216
working_memory,2,R1,0,2,100.0,100.0,100.0,100.0,-0.040454500930551474
working_memory,2,R1,0,3,100.0,100.0,100.0,100.0,-0.0059751199921637774
working_memory,2,R1,0,4,100.0,100.0,100.0,100.0,-0.046984686714337025
working_memory,2,R1,1,2,100.0,100.0,100.0,100.0,-0.08614403413110439
working_memory,2,R1,1,3,100.0,100.0,100.0,100.0,-0.04587455513109348
working_memory,2,R1,1,4,100.0,100.0,100.0,100.0,-0.03701526975109109
working_memory,2,R1,2,3,100.0,100.0,100.0,100.0,0.21755313938681559
working_memory,2,R1,2,4,100.0,100.0,100.0,100.0,0.010459180897029853
working_memory,2,R1,3,4,100.0,100.0,100.0,100.0,-0.09885612912354023
working_memory,2,R2,0,1,100.0,100.0,100.0,100.0,0.1914067419503799
working_memory,2,R2,0,2,100.0,100.0,100.0,100.0,-0.04445968154460662
working_memory,2,R2,0,3,100.0,100.0,100.0,100.0,-0.0012951535137841338
working_memory,2,R2,0,4,100.0,100.0,100.0,100.0,-0.01709820311054516
working_memory,2,R2,1,2,100.0,100.0,100.0,100.0,-0.10310074988300084
working_memory,2,R2,1,3,100.0,100.0,100.0,100.0,-0.044372612400822804
working_memory,2,R2,1,4,100.0,100.0,100.0,100.0,-0.0004897639337839162
working_memory,2,R2,2,3,100.0,100.0,100.0,100.0,0.20991282201978645
working_memory,2,R2,2,4,100.0,100.0,100.0,100.0,0.018338938409464416
working_memory,2,R2,3,4,100.0,100.0,100.0,100.0,-0.05756358768406961
working_memory,2,R3,0,1,100.0,100.0,100.0,100.0,0.1914067419503799
working_memory,2,R3,0,2,100.0,100.0,100.0,100.0,-0.04445968154460662
working_memory,2,R3,0,3,100.0,100.0,100.0,100.0,-0.0012951535137841338
working_memory,2,R3,0,4,100.0,100.0,100.0,100.0,-0.01709820311054516
working_memory,2,R3,1,2,100.0,100.0,100.0,100.0,-0.10310074988300084
working_memory,2,R3,1,3,100.0,100.0,100.0,100.0,-0.044372612400822804
working_memory,2,R3,1,4,100.0,100.0,100.0,100.0,-0.0004897639337839162
working_memory,2,R3,2,3,100.0,100.0,100.0,100.0,0.20991282201978645
working_memory,2,R3,2,4,100.0,100.0,100.0,100.0,0.018338938409464416
working_memory,2,R3,3,4,100.0,100.0,100.0,100.0,-0.05756358768406961
working_memory,3,R0,0,1,100.0,100.0,0.001,100.0,0.058750682171193475
working_memory,3,R0,0,2,100.0,100.0,0.001,100.0,0.07560866773326368
working_memory,3,R0,0,3,100.0,100.0,0.001,100.0,0.009414351171624166
working_memory,3,R0,0,4,100.0,100.0,0.001,100.0,0.15323080941652792
working_memory,3,R0,1,2,100.0,100.0,100.0,100.0,-0.28285499722467106
working_memory,3,R0,1,3,100.0,100.0,100.0,100.0,-0.09443737007651201
working_memory,3,R0,1,4,100.0,100.0,100.0,100.0,-0.15908620933598897
working_memory,3,R0,2,3,100.0,100.0,100.0,100.0,0.24056116063168664
working_memory,3,R0,2,4,100.0,100.0,100.0,100.0,0.015530958522436628
working_memory,3,R0,3,4,100.0,100.0,100.0,100.0,-0.09617875295218817
working_memory,3,R1,0,1,100.0,100.0,0.001,100.0,0.058750682171193475
working_memory,3,R1,0,2,100.0,100.0,0.001,100.0,0.07560866773326368
working_memory,3,R1,0,3,100.0,100.0,0.001,100.0,0.009414351171624166
working_memory,3,R1,0,4,100.0,100.0,0.001,100.0,0.15323080941652792
working_memory,3,R1,1,2,100.0,100.0,100.0,100.0,-0.28285499722467106
working_memory,3,R1,1,3,100.0,100.0,100.0,100.0,-0.09443737007651201
working_memory,3,R1,1,4,100.0,100.0,100.0,100.0,-0.15908620933598897
working_memory,3,R1,2,3,100.0,100.0,100.0,100.0,0.24056116063168664
working_memory,3,R1,2,4,100.0,100.0,100.0,100.0,0.015530958522436628
working_memory,3,R1,3,4,100.0,100.0,100.0,100.0,-0.09617875295218817
working_memory,3,R2,0,1,100.0,100.0,0.001,100.0,0.06028294362117459
working_memory,3,R2,0,2,100.0,100.0,0.001,100.0,0.07003624253110002
working_memory,3,R2,0,3,100.0,100.0,0.001,100.0,-0.034599101011090434
working_memory,3,R2,0,4,100.0,100.0,0.001,100.0,0.16148061079004367
working_memory,3,R2,1,2,100.0,100.0,100.0,100.0,-0.2091291997257322
working_memory,3,R2,1,3,100.0,100.0,100.0,100.0,-0.16039224649274605
working_memory,3,R2,1,4,100.0,100.0,100.0,100.0,-0.12554282169327716
working_memory,3,R2,2,3,100.0,100.0,100.0,100.0,0.24674306984033695
working_memory,3,R2,2,4,100.0,100.0,100.0,100.0,0.01614044252892328
working_memory,3,R2,3,4,100.0,100.0,100.0,100.0,-0.12421501725057411
working_memory,3,R3,0,1,100.0,100.0,0.001,100.0,0.06028294362117459
working_memory,3,R3,0,2,100.0,100.0,0.001,100.0,0.07003624253110002
working_memory,3,R3,0,3,100.0,100.0,0.001,100.0,-0.034599101011090434
working_memory,3,R3,0,4,100.0,100.0,0.001,100.0,0.16148061079004367
working_memory,3,R3,1,2,100.0,100.0,100.0,100.0,-0.2091291997257322
working_memory,3,R3,1,3,100.0,100.0,100.0,100.0,-0.16039224649274605
working_memory,3,R3,1,4,100.0,100.0,100.0,100.0,-0.12554282169327716
working_memory,3,R3,2,3,100.0,100.0,100.0,100.0,0.24674306984033695
working_memory,3,R3,2,4,100.0,100.0,100.0,100.0,0.01614044252892328
working_memory,3,R3,3,4,100.0,100.0,100.0,100.0,-0.12421501725057411
working_memory,4,R0,0,1,100.0,100.0,100.0,100.0,0.04317618907686494
working_memory,4,R0,0,2,100.0,100.0,100.0,100.0,0.12451975925381745
working_memory,4,R0,0,3,100.0,100.0,100.0,0.001,-0.08605696498732056
working_memory,4,R0,0,4,100.0,100.0,100.0,100.0,0.00031562564621630154
working_memory,4,R0,1,2,100.0,100.0,100.0,100.0,0.016858762965139693
working_memory,4,R0,1,3,100.0,100.0,100.0,0.001,0.010938061187840796
working_memory,4,R0,1,4,100.0,100.0,100.0,100.0,-0.10532101304948792
working_memory,4,R0,2,3,100.0,100.0,100.0,0.001,0.12665295327652074
working_memory,4,R0,2,4,100.0,100.0,100.0,100.0,-0.07865608776569694
working_memory,4,R0,3,4,100.0,100.0,0.001,100.0,-0.06572631991380155
working_memory,4,R1,0,1,100.0,100.0,100.0,100.0,0.04317618907686494
working_memory,4,R1,0,2,100.0,100.0,100.0,100.0,0.12451975925381745
working_memory,4,R1,0,3,100.0,100.0,100.0,0.001,-0.08605696498732056
working_memory,4,R1,0,4,100.0,100.0,100.0,100.0,0.00031562564621630154
working_memory,4,R1,1,2,100.0,100.0,100.0,100.0,0.016858762965139693
working_memory,4,R1,1,3,100.0,100.0,100.0,0.001,0.010938061187840796
working_memory,4,R1,1,4,100.0,100.0,100.0,100.0,-0.10532101304948792
working_memory,4,R1,2,3,100.0,100.0,100.0,0.001,0.12665295327652074
working_memory,4,R1,2,4,100.0,100.0,100.0,100.0,-0.07865608776569694
working_memory,4,R1,3,4,100.0,100.0,0.001,100.0,-0.06572631991380155
working_memory,4,R2,0,1,100.0,100.0,100.0,100.0,0.020675034633306742
working_memory,4,R2,0,2,100.0,100.0,100.0,100.0,0.1400398341332811
working_memory,4,R2,0,3,100.0,100.0,100.0,0.001,-0.05712824196515058
working_memory,4,R2,0,4,100.0,100.0,100.0,100.0,-0.026283997779736838
working_memory,4,R2,1,2,100.0,100.0,100.0,100.0,-0.0004244620759460607
working_memory,4,R2,1,3,100.0,100.0,100.0,0.001,-0.013114789782435977
working_memory,4,R2,1,4,100.0,100.0,100.0,100.0,-0.10455915804137962
working_memory,4,R2,2,3,100.0,100.0,100.0,0.001,0.10094578857435162
working_memory,4,R2,2,4,100.0,100.0,100.0,100.0,-0.08357549438948206
working_memory,4,R2,3,4,100.0,100.0,0.001,100.0,-0.05590927395217727
working_memory,4,R3,0,1,100.0,100.0,100.0,100.0,0.020675034633306742
working_memory,4,R3,0,2,100.0,100.0,100.0,100.0,0.1400398341332811
working_memory,4,R3,0,3,100.0,100.0,100.0,0.001,-0.05712824196515058
working_memory,4,R3,0,4,100.0,100.0,100.0,100.0,-0.026283997779736838
working_memory,4,R3,1,2,100.0,100.0,100.0,100.0,-0.0004244620759460607
working_memory,4,R3,1,3,100.0,100.0,100.0,0.001,-0.013114789782435977
working_memory,4,R3,1,4,100.0,100.0,100.0,100.0,-0.10455915804137962
working_memory,4,R3,2,3,100.0,100.0,100.0,0.001,0.10094578857435162
working_memory,4,R3,2,4,100.0,100.0,100.0,100.0,-0.08357549438948206
working_memory,4,R3,3,4,100.0,100.0,0.001,100.0,-0.05590927395217727
working_memory,5,R0,0,1,100.0,100.0,0.001,100.0,0.08408547080307292
working_memory,5,R0,0,2,100.0,100.0,0.001,100.0,-0.01217879648676005
working_memory,5,R0,0,3,100.0,100.0,0.001,100.0,-0.07438969972029037
working_memory,5,R0,0,4,100.0,100.0,0.001,100.0,0.04559158041379611
working_memory,5,R0,1,2,100.0,100.0,100.0,100.0,0.05536509180352848
working_memory,5,R0,1,3,100.0,100.0,100.0,100.0,-0.07682763574623698
working_memory,5,R0,1,4,100.0,100.0,100.0,100.0,0.01479087080027427
working_memory,5,R0,2,3,100.0,100.0,100.0,100.0,-0.021908773304600518
working_memory,5,R0,2,4,100.0,100.0,100.0,100.0,0.022148213450005987
working_memory,5,R0,3,4,100.0,100.0,100.0,100.0,-0.05934850513163766
working_memory,5,R1,0,1,100.0,100.0,0.001,100.0,0.08408547080307292
working_memory,5,R1,0,2,100.0,100.0,0.001,100.0,-0.01217879648676005
working_memory,5,R1,0,3,100.0,100.0,0.001,100.0,-0.07438969972029037
working_memory,5,R1,0,4,100.0,100.0,0.001,100.0,0.04559158041379611
working_memory,5,R1,1,2,100.0,100.0,100.0,100.0,0.05536509180352848
working_memory,5,R1,1,3,100.0,100.0,100.0,100.0,-0.07682763574623698
working_memory,5,R1,1,4,100.0,100.0,100.0,100.0,0.01479087080027427
working_memory,5,R1,2,3,100.0,100.0,100.0,100.0,-0.021908773304600518
working_memory,5,R1,2,4,100.0,100.0,100.0,100.0,0.022148213450005987
working_memory,5,R1,3,4,100.0,100.0,100.0,100.0,-0.05934850513163766
working_memory,5,R2,0,1,100.0,100.0,0.001,100.0,0.0780823643004072
working_memory,5,R2,0,2,100.0,100.0,0.001,100.0,-0.018121265550004897
working_memory,5,R2,0,3,100.0,100.0,0.001,100.0,-0.06672761506731534
working_memory,5,R2,0,4,100.0,100.0,0.001,100.0,0.04067217379001099
working_memory,5,R2,1,2,100.0,100.0,100.0,100.0,0.0685560670867753
working_memory,5,R2,1,3,100.0,100.0,100.0,100.0,-0.08655761256407744
working_memory,5,R2,1,4,100.0,100.0,100.0,100.0,0.005757447132704259
working_memory,5,R2,2,3,100.0,100.0,100.0,100.0,0.015356820234869017
working_memory,5,R2,2,4,100.0,100.0,100.0,100.0,0.03381547871703617
working_memory,5,R2,3,4,100.0,100.0,100.0,100.0,-0.052252369913257365
working_memory,5,R3,0,1,100.0,100.0,0.001,100.0,0.0780823643004072
working_memory,5,R3,0,2,100.0,100.0,0.001,100.0,-0.018121265550004897
working_memory,5,R3,0,3,100.0,100.0,0.001,100.0,-0.06672761506731534
working_memory,5,R3,0,4,100.0,100.0,0.001,100.0,0.04067217379001099
working_memory,5,R3,1,2,100.0,100.0,100.0,100.0,0.0685560670867753
working_memory,5,R3,1,3,100.0,100.0,100.0,100.0,-0.08655761256407744
working_memory,5,R3,1,4,100.0,100.0,100.0,100.0,0.005757447132704259
working_memory,5,R3,2,3,100.0,100.0,100.0,100.0,0.015356820234869017
working_memory,5,R3,2,4,100.0,100.0,100.0,100.0,0.03381547871703617
working_memory,5,R3,3,4,100.0,100.0,100.0,100.0,-0.052252369913257365
working_memory,6,R0,0,1,100.0,100.0,100.0,100.0,0.05260064648839259
working_memory,6,R0,0,2,100.0,100.0,100.0,100.0,0.14456742961003907
working_memory,6,R0,0,3,100.0,100.0,100.0,100.0,0.13481568550625267
working_memory,6,R0,0,4,100.0,100.0,100.0,100.0,0.1795692254111296
working_memory,6,R0,1,2,100.0,100.0,100.0,100.0,0.12066694964138397
working_memory,6,R0,1,3,100.0,100.0,100.0,100.0,0.12708829899543975
working_memory,6,R0,1,4,100.0,100.0,100.0,100.0,0.21158890303762476
working_memory,6,R0,2,3,100.0,100.0,100.0,100.0,-0.0005550657916217716
working_memory,6,R0,2,4,100.0,100.0,100.0,100.0,0.14687476192031
working_memory,6,R0,3,4,100.0,100.0,100.0,100.0,0.32225378478684386
working_memory,6,R1,0,1,100.0,100.0,100.0,100.0,0.05260064648839259
working_memory,6,R1,0,2,100.0,100.0,100.0,100.0,0.14456742961003907
working_memory,6,R1,0,3,100.0,100.0,100.0,100.0,0.13481568550625267
working_memory,6,R1,0,4,100.0,100.0,100.0,100.0,0.1795692254111296
working_memory,6,R1,1,2,100.0,100.0,100.0,100.0,0.12066694964138397
working_memory,6,R1,1,3,100.0,100.0,100.0,100.0,0.12708829899543975
working_memory,6,R1,1,4,100.0,100.0,100.0,100.0,0.21158890303762476
working_memory,6,R1,2,3,100.0,100.0,100.0,100.0,-0.0005550657916217716
working_memory,6,R1,2,4,100.0,100.0,100.0,100.0,0.14687476192031
working_memory,6,R1,3,4,100.0,100.0,100.0,100.0,0.32225378478684386
working_memory,6,R2,0,1,100.0,100.0,100.0,100.0,0.08643633768523572
working_memory,6,R2,0,2,100.0,100.0,100.0,100.0,0.1530131365570684
working_memory,6,R2,0,3,100.0,100.0,100.0,100.0,0.1529260674132846
working_memory,6,R2,0,4,100.0,100.0,100.0,100.0,0.16237306951382766
working_memory,6,R2,1,2,100.0,100.0,100.0,100.0,0.10475506361489317
working_memory,6,R2,1,3,100.0,100.0,100.0,100.0,0.14480686975544454
working_memory,6,R2,1,4,100.0,100.0,100.0,100.0,0.18557699633221234
working_memory,6,R2,2,3,100.0,100.0,100.0,100.0,-0.009566722173245829
working_memory,6,R2,2,4,100.0,100.0,100.0,100.0,0.09411086078732274
working_memory,6,R2,3,4,100.0,100.0,100.0,100.0,0.3493322885036079
working_memory,6,R3,0,1,100.0,100.0,100.0,100.0,0.08643633768523572
working_memory,6,R3,0,2,100.0,100.0,100.0,100.0,0.1530131365570684
working_memory,6,R3,0,3,100.0,100.0,100.0,100.0,0.1529260674132846
working_memory,6,R3,0,4,100.0,100.0,100.0,100.0,0.16237306951382766
working_memory,6,R3,1,2,100.0,100.0,100.0,100.0,0.10475506361489317
working_memory,6,R3,1,3,100.0,100.0,100.0,100.0,0.14480686975544454
working_memory,6,R3,1,4,100.0,100.0,100.0,100.0,0.18557699633221234
working_memory,6,R3,2,3,100.0,100.0,100.0,100.0,-0.009566722173245829
working_memory,6,R3,2,4,100.0,100.0,100.0,100.0,0.09411086078732274
working_memory,6,R3,3,4,100.0,100.0,100.0,100.0,0.3493322885036079
working_memory,7,R0,0,1,100.0,100.0,100.0,100.0,-0.0010494941438226773
working_memory,7,R0,0,2,100.0,100.0,100.0,100.0,-0.22249431329654662
working_memory,7,R0,0,3,100.0,100.0,100.0,100.0,-0.16986101587923513
working_memory,7,R0,0,4,100.0,100.0,100.0,100.0,0.07795953461542647
working_memory,7,R0,1,2,100.0,100.0,100.0,100.0,0.014116084935949763
working_memory,7,R0,1,3,100.0,100.0,100.0,100.0,-0.047964214581904856
working_memory,7,R0,1,4,100.0,100.0,100.0,100.0,0.23152773696411663
working_memory,7,R0,2,3,100.0,100.0,100.0,100.0,-0.029440254241899846
working_memory,7,R0,2,4,100.0,100.0,100.0,100.0,0.12027513849435684
working_memory,7,R0,3,4,100.0,100.0,100.0,100.0,-0.07173409083488426
working_memory,7,R1,0,1,100.0,100.0,100.0,100.0,-0.0010494941438226773
working_memory,7,R1,0,2,100.0,100.0,100.0,100.0,-0.22249431329654662
working_memory,7,R1,0,3,100.0,100.0,100.0,100.0,-0.16986101587923513
working_memory,7,R1,0,4,100.0,100.0,100.0,100.0,0.07795953461542647
working_memory,7,R1,1,2,100.0,100.0,100.0,100.0,0.014116084935949763
working_memory,7,R1,1,3,100.0,100.0,100.0,100.0,-0.047964214581904856
working_memory,7,R1,1,4,100.0,100.0,100.0,100.0,0.23152773696411663
working_memory,7,R1,2,3,100.0,100.0,100.0,100.0,-0.029440254241899846
working_memory,7,R1,2,4,100.0,100.0,100.0,100.0,0.12027513849435684
working_memory,7,R1,3,4,100.0,100.0,100.0,100.0,-0.07173409083488426
working_memory,7,R2,0,1,100.0,100.0,100.0,100.0,0.0018261198102514588
working_memory,7,R2,0,2,100.0,100.0,100.0,100.0,-0.10958740109489448
working_memory,7,R2,0,3,100.0,100.0,100.0,100.0,-0.12358376595814152
working_memory,7,R2,0,4,100.0,100.0,100.0,100.0,0.07206060012407353
working_memory,7,R2,1,2,100.0,100.0,100.0,100.0,0.05950087613325933
working_memory,7,R2,1,3,100.0,100.0,100.0,100.0,0.0007509713651353381
working_memory,7,R2,1,4,100.0,100.0,100.0,100.0,0.20880269043654293
working_memory,7,R2,2,3,100.0,100.0,100.0,100.0,-0.005583308845136644
working_memory,7,R2,2,4,100.0,100.0,100.0,100.0,0.14321785788139005
working_memory,7,R2,3,4,100.0,100.0,100.0,100.0,-0.10157703986678422
working_memory,7,R3,0,1,100.0,100.0,100.0,100.0,0.0018261198102514588
working_memory,7,R3,0,2,100.0,100.0,100.0,100.0,-0.10958740109489448
working_memory,7,R3,0,3,100.0,100.0,100.0,100.0,-0.12358376595814152
working_memory,7,R3,0,4,100.0,100.0,100.0,100.0,0.07206060012407353
working_memory,7,R3,1,2,100.0,100.0,100.0,100.0,0.05950087613325933
working_memory,7,R3,1,3,100.0,100.0,100.0,100.0,0.0007509713651353381
working_memory,7,R3,1,4,100.0,100.0,100.0,100.0,0.20880269043654293
working_memory,7,R3,2,3,100.0,100.0,100.0,100.0,-0.005583308845136644
working_memory,7,R3,2,4,100.0,100.0,100.0,100.0,0.14321785788139005
working_memory,7,R3,3,4,100.0,100.0,100.0,100.0,-0.10157703986678422
working_memory,8,R0,0,1,100.0,100.0,100.0,100.0,0.09304815079131858
working_memory,8,R0,0,2,100.0,0.001,100.0,100.0,0.18505458146950948
working_memory,8,R0,0,3,100.0,0.001,100.0,100.0,-0.2588021462543943
working_memory,8,R0,0,4,100.0,100.0,100.0,100.0,0.14067108542571372
working_memory,8,R0,1,2,100.0,0.001,100.0,100.0,0.20303435966086572
working_memory,8,R0,1,3,100.0,0.001,100.0,100.0,-0.014747336228382367
working_memory,8,R0,1,4,100.0,100.0,100.0,100.0,-0.09480741393759319
working_memory,8,R0,2,3,0.001,0.001,100.0,100.0,-0.025108564338655437
working_memory,8,R0,2,4,0.001,100.0,100.0,100.0,0.01614044252892328
working_memory,8,R0,3,4,0.001,100.0,100.0,100.0,-0.1548633558624743
working_memory,8,R1,0,1,100.0,100.0,100.0,100.0,0.09304815079131858
working_memory,8,R1,0,2,100.0,0.001,100.0,100.0,0.18505458146950948
working_memory,8,R1,0,3,100.0,0.001,100.0,100.0,-0.2588021462543943
working_memory,8,R1,0,4,100.0,100.0,100.0,100.0,0.14067108542571372
working_memory,8,R1,1,2,100.0,0.001,100.0,100.0,0.20303435966086572
working_memory,8,R1,1,3,100.0,0.001,100.0,100.0,-0.014747336228382367
working_memory,8,R1,1,4,100.0,100.0,100.0,100.0,-0.09480741393759319
working_memory,8,R1,2,3,0.001,0.001,100.0,100.0,-0.025108564338655437
working_memory,8,R1,2,4,0.001,100.0,100.0,100.0,0.01614044252892328
working_memory,8,R1,3,4,0.001,100.0,100.0,100.0,-0.1548633558624743
working_memory,8,R2,0,1,100.0,100.0,100.0,100.0,0.04678644893161496
working_memory,8,R2,0,2,100.0,0.001,100.0,100.0,0.19221601854572765
working_memory,8,R2,0,3,100.0,0.001,100.0,100.0,-0.18655652419978014
working_memory,8,R2,0,4,100.0,100.0,100.0,100.0,0.13864672783274018
working_memory,8,R2,1,2,100.0,0.001,100.0,100.0,0.1276977830019264
working_memory,8,R2,1,3,100.0,0.001,100.0,100.0,0.011329872334867928
working_memory,8,R2,1,4,100.0,100.0,100.0,100.0,-0.08385846910677942
working_memory,8,R2,2,3,0.001,0.001,100.0,100.0,0.09230417605380874
working_memory,8,R2,2,4,0.001,100.0,100.0,100.0,-0.021495194871627436
working_memory,8,R2,3,4,0.001,100.0,100.0,100.0,-0.19021342823870008
working_memory,8,R3,0,1,100.0,100.0,100.0,100.0,0.04678644893161496
working_memory,8,R3,0,2,100.0,0.001,100.0,100.0,0.19221601854572765
working_memory,8,R3,0,3,100.0,0.001,100.0,100.0,-0.18655652419978014
working_memory,8,R3,0,4,100.0,100.0,100.0,100.0,0.13864672783274018
working_memory,8,R3,1,2,100.0,0.001,100.0,100.0,0.1276977830019264
working_memory,8,R3,1,3,100.0,0.001,100.0,100.0,0.011329872334867928
working_memory,8,R3,1,4,100.0,100.0,100.0,100.0,-0.08385846910677942
working_memory,8,R3,2,3,0.001,0.001,100.0,100.0,0.09230417605380874
working_memory,8,R3,2,4,0.001,100.0,100.0,100.0,-0.021495194871627436
working_memory,8,R3,3,4,0.001,100.0,100.0,100.0,-0.19021342823870008
working_memory,9,R0,0,1,100.0,100.0,100.0,100.0,-0.023130850929851808
working_memory,9,R0,0,2,100.0,100.0,100.0,100.0,0.15939095133923226
working_memory,9,R0,0,3,100.0,100.0,100.0,100.0,0.019732044710005333
working_memory,9,R0,0,4,100.0,0.001,100.0,100.0,-0.13771073453706426
working_memory,9,R0,1,2,100.0,100.0,100.0,100.0,-0.02288830117216835
working_memory,9,R0,1,3,100.0,100.0,100.0,100.0,0.3064725024760288
working_memory,9,R0,1,4,100.0,0.001,100.0,100.0,0.0330318564229819
working_memory,9,R0,2,3,100.0,100.0,100.0,100.0,-0.184815141324104
working_memory,9,R0,2,4,100.0,0.001,100.0,100.0,-0.22922040465384577
working_memory,9,R0,3,4,100.0,0.001,100.0,100.0,-0.016662857391626127
working_memory,9,R1,0,1,100.0,100.0,100.0,100.0,-0.023130850929851808
working_memory,9,R1,0,2,100.0,100.0,100.0,100.0,0.15939095133923226
working_memory,9,R1,0,3,100.0,100.0,100.0,100.0,0.019732044710005333
working_memory,9,R1,0,4,100.0,0.001,100.0,100.0,-0.13771073453706426
working_memory,9,R1,1,2,100.0,100.0,100.0,100.0,-0.02288830117216835
working_memory,9,R1,1,3,100.0,100.0,100.0,100.0,0.3064725024760288
working_memory,9,R1,1,4,100.0,0.001,100.0,100.0,0.0330318564229819
working_memory,9,R1,2,3,100.0,100.0,100.0,100.0,-0.184815141324104
working_memory,9,R1,2,4,100.0,0.001,100.0,100.0,-0.22922040465384577
working_memory,9,R1,3,4,100.0,0.001,100.0,100.0,-0.016662857391626127
working_memory,9,R2,0,1,100.0,100.0,100.0,100.0,-0.037215062339952136
working_memory,9,R2,0,2,100.0,100.0,100.0,100.0,0.18361794059707667
working_memory,9,R2,0,3,100.0,100.0,100.0,100.0,0.016924064822977546
working_memory,9,R2,0,4,100.0,0.001,100.0,100.0,-0.14489393889922836
working_memory,9,R2,1,2,100.0,100.0,100.0,100.0,-0.0008162732229731936
working_memory,9,R2,1,3,100.0,100.0,100.0,100.0,0.2856847443976448
working_memory,9,R2,1,4,100.0,0.001,100.0,100.0,0.0013169207997300858
working_memory,9,R2,2,3,100.0,100.0,100.0,100.0,-0.21078351345762453
working_memory,9,R2,2,4,100.0,0.001,100.0,100.0,-0.19574231886897187
working_memory,9,R2,3,4,100.0,0.001,100.0,100.0,-0.0770888431775884
working_memory,9,R3,0,1,100.0,100.0,100.0,100.0,-0.037215062339952136
working_memory,9,R3,0,2,100.0,100.0,100.0,100.0,0.18361794059707667
working_memory,9,R3,0,3,100.0,100.0,100.0,100.0,0.016924064822977546
working_memory,9,R3,0,4,100.0,0.001,100.0,100.0,-0.14489393889922836
working_memory,9,R3,1,2,100.0,100.0,100.0,100.0,-0.0008162732229731936
working_memory,9,R3,1,3,100.0,100.0,100.0,100.0,0.2856847443976448
working_memory,9,R3,1,4,100.0,0.001,100.0,100.0,0.0013169207997300858
working_memory,9,R3,2,3,100.0,100.0,100.0,100.0,-0.21078351345762453
working_memory,9,R3,2,4,100.0,0.001,100.0,100.0,-0.19574231886897187
working_memory,9,R3,3,4,100.0,0.001,100.0,100.0,-0.0770888431775884
fluid_intelligence,0,R0,0,1,100.0,100.0,100.0,100.0,-0.0007976155493052349
fluid_intelligence,0,R0,0,2,100.0,100.0,100.0,100.0,0.04920494988082411
fluid_intelligence,0,R0,0,3,100.0,100.0,100.0,100.0,-0.21322144948357113
fluid_intelligence,0,R0,0,4,100.0,100.0,100.0,100.0,-0.10934796094948902
fluid_intelligence,0,R0,1,2,100.0,100.0,100.0,100.0,-0.006040421850001632
fluid_intelligence,0,R0,1,3,100.0,100.0,100.0,100.0,0.08559985198245557
fluid_intelligence,0,R0,1,4,100.0,100.0,100.0,100.0,-0.13281309519922507
fluid_intelligence,0,R0,2,3,100.0,100.0,100.0,100.0,-0.07904789891272407
fluid_intelligence,0,R0,2,4,100.0,100.0,100.0,100.0,-0.09609168380840437
fluid_intelligence,0,R0,3,4,100.0,100.0,100.0,100.0,0.0883860645835374
fluid_intelligence,0,R1,0,1,100.0,100.0,100.0,100.0,-0.0007976155493052349
fluid_intelligence,0,R1,0,2,100.0,100.0,100.0,100.0,0.04920494988082411
fluid_intelligence,0,R1,0,3,100.0,100.0,100.0,100.0,-0.21322144948357113
fluid_intelligence,0,R1,0,4,100.0,100.0,100.0,100.0,-0.10934796094948902
fluid_intelligence,0,R1,1,2,100.0,100.0,100.0,100.0,-0.006040421850001632
fluid_intelligence,0,R1,1,3,100.0,100.0,100.0,100.0,0.08559985198245557
fluid_intelligence,0,R1,1,4,100.0,100.0,100.0,100.0,-0.13281309519922507
fluid_intelligence,0,R1,2,3,100.0,100.0,100.0,100.0,-0.07904789891272407
fluid_intelligence,0,R1,2,4,100.0,100.0,100.0,100.0,-0.09609168380840437
fluid_intelligence,0,R1,3,4,100.0,100.0,100.0,100.0,0.0883860645835374
fluid_intelligence,0,R2,0,1,100.0,100.0,100.0,100.0,-0.009466437177280549
fluid_intelligence,0,R2,0,2,100.0,100.0,100.0,100.0,0.04422024139920114
fluid_intelligence,0,R2,0,3,100.0,100.0,100.0,100.0,-0.21128416103438147
fluid_intelligence,0,R2,0,4,100.0,100.0,100.0,100.0,-0.10425441603813629
fluid_intelligence,0,R2,1,2,100.0,100.0,100.0,100.0,-0.010829224758111036
fluid_intelligence,0,R2,1,3,100.0,100.0,100.0,100.0,0.0910634407548895
fluid_intelligence,0,R2,1,4,100.0,100.0,100.0,100.0,-0.1049292019024608
fluid_intelligence,0,R2,2,3,100.0,100.0,100.0,100.0,-0.07613108259596653
fluid_intelligence,0,R2,2,4,100.0,100.0,100.0,100.0,-0.07142934883164093
fluid_intelligence,0,R2,3,4,100.0,100.0,100.0,100.0,0.10488566733056888
fluid_intelligence,0,R3,0,1,100.0,100.0,100.0,100.0,-0.009466437177280549
fluid_intelligence,0,R3,0,2,100.0,100.0,100.0,100.0,0.04422024139920114
fluid_intelligence,0,R3,0,3,100.0,100.0,100.0,100.0,-0.21128416103438147
fluid_intelligence,0,R3,0,4,100.0,100.0,100.0,100.0,-0.10425441603813629
fluid_intelligence,0,R3,1,2,100.0,100.0,100.0,100.0,-0.010829224758111036
fluid_intelligence,0,R3,1,3,100.0,100.0,100.0,100.0,0.0910634407548895
fluid_intelligence,0,R3,1,4,100.0,100.0,100.0,100.0,-0.1049292019024608
fluid_intelligence,0,R3,2,3,100.0,100.0,100.0,100.0,-0.07613108259596653
fluid_intelligence,0,R3,2,4,100.0,100.0,100.0,100.0,-0.07142934883164093
fluid_intelligence,0,R3,3,4,100.0,100.0,100.0,100.0,0.10488566733056888
fluid_intelligence,1,R0,0,1,100.0,100.0,100.0,100.0,-0.12568741866420385
fluid_intelligence,1,R0,0,2,100.0,100.0,100.0,100.0,0.041216355938659785
fluid_intelligence,1,R0,0,3,100.0,100.0,100.0,100.0,0.04472088897595804
fluid_intelligence,1,R0,0,4,100.0,100.0,100.0,100.0,0.029897367246764835
fluid_intelligence,1,R0,1,2,100.0,100.0,100.0,100.0,-0.020842176293248877
fluid_intelligence,1,R0,1,3,100.0,100.0,100.0,100.0,-0.08200824980137351
fluid_intelligence,1,R0,1,4,100.0,100.0,100.0,100.0,0.07806837104515624
fluid_intelligence,1,R0,2,3,100.0,100.0,100.0,100.0,0.04376312839433616
fluid_intelligence,1,R0,2,4,100.0,100.0,100.0,100.0,-0.20843264657546173
fluid_intelligence,1,R0,3,4,100.0,100.0,100.0,100.0,-0.09184706304894374
fluid_intelligence,1,R1,0,1,100.0,100.0,100.0,100.0,-0.12568741866420385
fluid_intelligence,1,R1,0,2,100.0,100.0,100.0,100.0,0.041216355938659785
fluid_intelligence,1,R1,0,3,100.0,100.0,100.0,100.0,0.04472088897595804
fluid_intelligence,1,R1,0,4,100.0,100.0,100.0,100.0,0.029897367246764835
fluid_intelligence,1,R1,1,2,100.0,100.0,100.0,100.0,-0.020842176293248877
fluid_intelligence,1,R1,1,3,100.0,100.0,100.0,100.0,-0.08200824980137351
fluid_intelligence,1,R1,1,4,100.0,100.0,100.0,100.0,0.07806837104515624
fluid_intelligence,1,R1,2,3,100.0,100.0,100.0,100.0,0.04376312839433616
fluid_intelligence,1,R1,2,4,100.0,100.0,100.0,100.0,-0.20843264657546173
fluid_intelligence,1,R1,3,4,100.0,100.0,100.0,100.0,-0.09184706304894374
fluid_intelligence,1,R2,0,1,100.0,100.0,100.0,100.0,-0.12961252676210067
fluid_intelligence,1,R2,0,2,100.0,100.0,100.0,100.0,0.04178230537325453
fluid_intelligence,1,R2,0,3,100.0,100.0,100.0,100.0,0.039670878636497216
fluid_intelligence,1,R2,0,4,100.0,100.0,100.0,100.0,0.03860428162514557
fluid_intelligence,1,R2,1,2,100.0,100.0,100.0,100.0,-0.023040672173790012
fluid_intelligence,1,R2,1,3,100.0,100.0,100.0,100.0,-0.07417202686083085
fluid_intelligence,1,R2,1,4,100.0,100.0,100.0,100.0,0.07789423275758862
fluid_intelligence,1,R2,2,3,100.0,100.0,100.0,100.0,0.048377793014877934
fluid_intelligence,1,R2,2,4,100.0,100.0,100.0,100.0,-0.21108825546086787
fluid_intelligence,1,R2,3,4,100.0,100.0,100.0,100.0,-0.08832076272569955
fluid_intelligence,1,R3,0,1,100.0,100.0,100.0,100.0,-0.12961252676210067
fluid_intelligence,1,R3,0,2,100.0,100.0,100.0,100.0,0.04178230537325453
fluid_intelligence,1,R3,0,3,100.0,100.0,100.0,100.0,0.039670878636497216
fluid_intelligence,1,R3,0,4,100.0,100.0,100.0,100.0,0.03860428162514557
fluid_intelligence,1,R3,1,2,100.0,100.0,100.0,100.0,-0.023040672173790012
fluid_intelligence,1,R3,1,3,100.0,100.0,100.0,100.0,-0.07417202686083085
fluid_intelligence,1,R3,1,4,100.0,100.0,100.0,100.0,0.07789423275758862
fluid_intelligence,1,R3,2,3,100.0,100.0,100.0,100.0,0.048377793014877934
fluid_intelligence,1,R3,2,4,100.0,100.0,100.0,100.0,-0.21108825546086787
fluid_intelligence,1,R3,3,4,100.0,100.0,100.0,100.0,-0.08832076272569955
fluid_intelligence,2,R0,0,1,100.0,100.0,100.0,100.0,0.11265270139792619
fluid_intelligence,2,R0,0,2,100.0,100.0,100.0,100.0,-0.07162525440515449
fluid_intelligence,2,R0,0,3,100.0,100.0,100.0,100.0,0.022844766600276442
fluid_intelligence,2,R0,0,4,100.0,100.0,100.0,100.0,-0.17593408865815566
fluid_intelligence,2,R0,1,2,100.0,100.0,100.0,100.0,-0.010850992044056986
fluid_intelligence,2,R0,1,3,100.0,100.0,100.0,100.0,-0.028526028232169875
fluid_intelligence,2,R0,1,4,100.0,100.0,100.0,100.0,-0.20843264657546173
fluid_intelligence,2,R0,2,3,100.0,100.0,100.0,100.0,-0.08673175085164506
fluid_intelligence,2,R0,2,4,100.0,100.0,100.0,100.0,-0.1001839335662433
fluid_intelligence,2,R0,3,4,100.0,100.0,100.0,100.0,0.213743864346274
fluid_intelligence,2,R1,0,1,100.0,100.0,100.0,100.0,0.11265270139792619
fluid_intelligence,2,R1,0,2,100.0,100.0,100.0,100.0,-0.07162525440515449
fluid_intelligence,2,R1,0,3,100.0,100.0,100.0,100.0,0.022844766600276442
fluid_intelligence,2,R1,0,4,100.0,100.0,100.0,100.0,-0.17593408865815566
fluid_intelligence,2,R1,1,2,100.0,100.0,100.0,100.0,-0.010850992044056986
fluid_intelligence,2,R1,1,3,100.0,100.0,100.0,100.0,-0.028526028232169875
fluid_intelligence,2,R1,1,4,100.0,100.0,100.0,100.0,-0.20843264657546173
fluid_intelligence,2,R1,2,3,100.0,100.0,100.0,100.0,-0.08673175085164506
fluid_intelligence,2,R1,2,4,100.0,100.0,100.0,100.0,-0.1001839335662433
fluid_intelligence,2,R1,3,4,100.0,100.0,100.0,100.0,0.213743864346274
fluid_intelligence,2,R2,0,1,100.0,100.0,100.0,100.0,0.10236765878846395
fluid_intelligence,2,R2,0,2,100.0,100.0,100.0,100.0,-0.09321840206353871
fluid_intelligence,2,R2,0,3,100.0,100.0,100.0,100.0,0.0318128884100086
fluid_intelligence,2,R2,0,4,100.0,100.0,100.0,100.0,-0.16283018251869266
fluid_intelligence,2,R2,1,2,100.0,100.0,100.0,100.0,-0.028417191802440112
fluid_intelligence,2,R2,1,3,100.0,100.0,100.0,100.0,-0.025805117488925895
fluid_intelligence,2,R2,1,4,100.0,100.0,100.0,100.0,-0.1779149116792373
fluid_intelligence,2,R2,2,3,100.0,100.0,100.0,100.0,-0.09012744745921354
fluid_intelligence,2,R2,2,4,100.0,100.0,100.0,100.0,-0.1204275094959785
fluid_intelligence,2,R2,3,4,100.0,100.0,100.0,100.0,0.20227250465275737
fluid_intelligence,2,R3,0,1,100.0,100.0,100.0,100.0,0.10236765878846395
fluid_intelligence,2,R3,0,2,100.0,100.0,100.0,100.0,-0.09321840206353871
fluid_intelligence,2,R3,0,3,100.0,100.0,100.0,100.0,0.0318128884100086
fluid_intelligence,2,R3,0,4,100.0,100.0,100.0,100.0,-0.16283018251869266
fluid_intelligence,2,R3,1,2,100.0,100.0,100.0,100.0,-0.028417191802440112
fluid_intelligence,2,R3,1,3,100.0,100.0,100.0,100.0,-0.025805117488925895
fluid_intelligence,2,R3,1,4,100.0,100.0,100.0,100.0,-0.1779149116792373
fluid_intelligence,2,R3,2,3,100.0,100.0,100.0,100.0,-0.09012744745921354
fluid_intelligence,2,R3,2,4,100.0,100.0,100.0,100.0,-0.1204275094959785
fluid_intelligence,2,R3,3,4,100.0,100.0,100.0,100.0,0.20227250465275737
fluid_intelligence,3,R0,0,1,100.0,100.0,100.0,100.0,-0.003127492548591579
fluid_intelligence,3,R0,0,2,100.0,100.0,100.0,100.0,-0.21994754084087026
fluid_intelligence,3,R0,0,3,100.0,100.0,100.0,100.0,-0.061046353435421905
fluid_intelligence,3,R0,0,4,100.0,100.0,100.0,100.0,0.19643887201924226
fluid_intelligence,3,R0,1,2,100.0,100.0,100.0,100.0,-0.008456590590002287
fluid_intelligence,3,R0,1,3,100.0,100.0,100.0,100.0,-0.08562161926840152
fluid_intelligence,3,R0,1,4,100.0,100.0,100.0,100.0,-0.14929093066031063
fluid_intelligence,3,R0,2,3,100.0,100.0,100.0,100.0,-0.10020570085218924
fluid_intelligence,3,R0,2,4,100.0,100.0,100.0,100.0,-0.11176412968948968
fluid_intelligence,3,R0,3,4,100.0,100.0,100.0,100.0,0.06966619867001883
fluid_intelligence,3,R1,0,1,100.0,100.0,100.0,100.0,-0.003127492548591579
fluid_intelligence,3,R1,0,2,100.0,100.0,100.0,100.0,-0.21994754084087026
fluid_intelligence,3,R1,0,3,100.0,100.0,100.0,100.0,-0.061046353435421905
fluid_intelligence,3,R1,0,4,100.0,100.0,100.0,100.0,0.19643887201924226
fluid_intelligence,3,R1,1,2,100.0,100.0,100.0,100.0,-0.008456590590002287
fluid_intelligence,3,R1,1,3,100.0,100.0,100.0,100.0,-0.08562161926840152
fluid_intelligence,3,R1,1,4,100.0,100.0,100.0,100.0,-0.14929093066031063
fluid_intelligence,3,R1,2,3,100.0,100.0,100.0,100.0,-0.10020570085218924
fluid_intelligence,3,R1,2,4,100.0,100.0,100.0,100.0,-0.11176412968948968
fluid_intelligence,3,R1,3,4,100.0,100.0,100.0,100.0,0.06966619867001883
fluid_intelligence,3,R2,0,1,100.0,100.0,100.0,100.0,-0.01479786742789975
fluid_intelligence,3,R2,0,2,100.0,100.0,100.0,100.0,-0.21999107541276217
fluid_intelligence,3,R2,0,3,100.0,100.0,100.0,100.0,-0.06337545303163875
fluid_intelligence,3,R2,0,4,100.0,100.0,100.0,100.0,0.1958729225846475
fluid_intelligence,3,R2,1,2,100.0,100.0,100.0,100.0,0.02097278000892459
fluid_intelligence,3,R2,1,3,100.0,100.0,100.0,100.0,-0.12206005594192489
fluid_intelligence,3,R2,1,4,100.0,100.0,100.0,100.0,-0.15231658340679793
fluid_intelligence,3,R2,2,3,100.0,100.0,100.0,100.0,-0.10144643615110849
fluid_intelligence,3,R2,2,4,100.0,100.0,100.0,100.0,-0.1140061601419227
fluid_intelligence,3,R2,3,4,100.0,100.0,100.0,100.0,0.06914378380731598
fluid_intelligence,3,R3,0,1,100.0,100.0,100.0,100.0,-0.01479786742789975
fluid_intelligence,3,R3,0,2,100.0,100.0,100.0,100.0,-0.21999107541276217
fluid_intelligence,3,R3,0,3,100.0,100.0,100.0,100.0,-0.06337545303163875
fluid_intelligence,3,R3,0,4,100.0,100.0,100.0,100.0,0.1958729225846475
fluid_intelligence,3,R3,1,2,100.0,100.0,100.0,100.0,0.02097278000892459
fluid_intelligence,3,R3,1,3,100.0,100.0,100.0,100.0,-0.12206005594192489
fluid_intelligence,3,R3,1,4,100.0,100.0,100.0,100.0,-0.15231658340679793
fluid_intelligence,3,R3,2,3,100.0,100.0,100.0,100.0,-0.10144643615110849
fluid_intelligence,3,R3,2,4,100.0,100.0,100.0,100.0,-0.1140061601419227
fluid_intelligence,3,R3,3,4,100.0,100.0,100.0,100.0,0.06914378380731598
fluid_intelligence,4,R0,0,1,100.0,100.0,100.0,100.0,0.15383485160152804
fluid_intelligence,4,R0,0,2,100.0,100.0,100.0,100.0,0.044633819832174224
fluid_intelligence,4,R0,0,3,100.0,100.0,100.0,100.0,-0.11746715860732905
fluid_intelligence,4,R0,0,4,100.0,100.0,100.0,100.0,-0.16879441886788346
fluid_intelligence,4,R0,1,2,100.0,100.0,100.0,100.0,0.05057628889541908
fluid_intelligence,4,R0,1,3,100.0,100.0,100.0,100.0,-0.17092761289058675
fluid_intelligence,4,R0,1,4,100.0,100.0,100.0,100.0,-0.09641819309759363
fluid_intelligence,4,R0,2,3,100.0,100.0,100.0,100.0,0.17789314439329132
fluid_intelligence,4,R0,2,4,100.0,100.0,100.0,100.0,-0.13329197549003602
fluid_intelligence,4,R0,3,4,100.0,100.0,100.0,100.0,0.018513076697032033
fluid_intelligence,4,R1,0,1,100.0,100.0,100.0,100.0,0.15383485160152804
fluid_intelligence,4,R1,0,2,100.0,100.0,100.0,100.0,0.044633819832174224
fluid_intelligence,4,R1,0,3,100.0,100.0,100.0,100.0,-0.11746715860732905
fluid_intelligence,4,R1,0,4,100.0,100.0,100.0,100.0,-0.16879441886788346
fluid_intelligence,4,R1,1,2,100.0,100.0,100.0,100.0,0.05057628889541908
fluid_intelligence,4,R1,1,3,100.0,100.0,100.0,100.0,-0.17092761289058675
fluid_intelligence,4,R1,1,4,100.0,100.0,100.0,100.0,-0.09641819309759363
fluid_intelligence,4,R1,2,3,100.0,100.0,100.0,100.0,0.17789314439329132
fluid_intelligence,4,R1,2,4,100.0,100.0,100.0,100.0,-0.13329197549003602
fluid_intelligence,4,R1,3,4,100.0,100.0,100.0,100.0,0.018513076697032033
fluid_intelligence,4,R2,0,1,100.0,100.0,100.0,100.0,0.13951975147978674
fluid_intelligence,4,R2,0,2,100.0,100.0,100.0,100.0,0.0455045112700123
fluid_intelligence,4,R2,0,3,100.0,100.0,100.0,100.0,-0.12206005594192489
fluid_intelligence,4,R2,0,4,100.0,100.0,100.0,100.0,-0.18170241943383286
fluid_intelligence,4,R2,1,2,100.0,100.0,100.0,100.0,0.07077633025326237
fluid_intelligence,4,R2,1,3,100.0,100.0,100.0,100.0,-0.16520281668680142
fluid_intelligence,4,R2,1,4,100.0,100.0,100.0,100.0,-0.12197298679814107
fluid_intelligence,4,R2,2,3,100.0,100.0,100.0,100.0,0.18488044318194188
fluid_intelligence,4,R2,2,4,100.0,100.0,100.0,100.0,-0.1359693516613881
fluid_intelligence,4,R2,3,4,100.0,100.0,100.0,100.0,0.025609211915412326
fluid_intelligence,4,R3,0,1,100.0,100.0,100.0,100.0,0.13951975147978674
fluid_intelligence,4,R3,0,2,100.0,100.0,100.0,100.0,0.0455045112700123
fluid_intelligence,4,R3,0,3,100.0,100.0,100.0,100.0,-0.12206005594192489
fluid_intelligence,4,R3,0,4,100.0,100.0,100.0,100.0,-0.18170241943383286
fluid_intelligence,4,R3,1,2,100.0,100.0,100.0,100.0,0.07077633025326237
fluid_intelligence,4,R3,1,3,100.0,100.0,100.0,100.0,-0.16520281668680142
fluid_intelligence,4,R3,1,4,100.0,100.0,100.0,100.0,-0.12197298679814107
fluid_intelligence,4,R3,2,3,100.0,100.0,100.0,100.0,0.18488044318194188
fluid_intelligence,4,R3,2,4,100.0,100.0,100.0,100.0,-0.1359693516613881
fluid_intelligence,4,R3,3,4,100.0,100.0,100.0,100.0,0.025609211915412326
fluid_intelligence,5,R0,0,1,100.0,100.0,100.0,100.0,-0.03488518534066579
fluid_intelligence,5,R0,0,2,100.0,100.0,100.0,100.0,0.1306799011765218
fluid_intelligence,5,R0,0,3,100.0,100.0,100.0,100.0,-0.10839020036786713
fluid_intelligence,5,R0,0,4,100.0,100.0,100.0,100.0,0.05194762791001404
fluid_intelligence,5,R0,1,2,100.0,100.0,100.0,100.0,0.1881673033597806
fluid_intelligence,5,R0,1,3,100.0,100.0,100.0,100.0,-0.1324430513381439
fluid_intelligence,5,R0,1,4,100.0,100.0,100.0,100.0,0.08562161926840152
fluid_intelligence,5,R0,2,3,100.0,100.0,100.0,100.0,-0.01968851013811343
fluid_intelligence,5,R0,2,4,100.0,100.0,100.0,100.0,0.048334258442986035
fluid_intelligence,5,R0,3,4,100.0,100.0,100.0,100.0,-0.022039377020276227
fluid_intelligence,5,R1,0,1,100.0,100.0,100.0,100.0,-0.03488518534066579
fluid_intelligence,5,R1,0,2,100.0,100.0,100.0,100.0,0.1306799011765218
fluid_intelligence,5,R1,0,3,100.0,100.0,100.0,100.0,-0.10839020036786713
fluid_intelligence,5,R1,0,4,100.0,100.0,100.0,100.0,0.05194762791001404
fluid_intelligence,5,R1,1,2,100.0,100.0,100.0,100.0,0.1881673033597806
fluid_intelligence,5,R1,1,3,100.0,100.0,100.0,100.0,-0.1324430513381439
fluid_intelligence,5,R1,1,4,100.0,100.0,100.0,100.0,0.08562161926840152
fluid_intelligence,5,R1,2,3,100.0,100.0,100.0,100.0,-0.01968851013811343
fluid_intelligence,5,R1,2,4,100.0,100.0,100.0,100.0,0.048334258442986035
fluid_intelligence,5,R1,3,4,100.0,100.0,100.0,100.0,-0.022039377020276227
fluid_intelligence,5,R2,0,1,100.0,100.0,100.0,100.0,-0.02260610385794047
fluid_intelligence,5,R2,0,2,100.0,100.0,100.0,100.0,0.12863377629760234
fluid_intelligence,5,R2,0,3,100.0,100.0,100.0,100.0,-0.10579989334029888
fluid_intelligence,5,R2,0,4,100.0,100.0,100.0,100.0,0.050902798184608355
fluid_intelligence,5,R2,1,2,100.0,100.0,100.0,100.0,0.1844015628911309
fluid_intelligence,5,R2,1,3,100.0,100.0,100.0,100.0,-0.14744071135490472
fluid_intelligence,5,R2,1,4,100.0,100.0,100.0,100.0,0.07325780085110088
fluid_intelligence,5,R2,2,3,100.0,100.0,100.0,100.0,-0.023780759895952373
fluid_intelligence,5,R2,2,4,100.0,100.0,100.0,100.0,0.04779007629433724
fluid_intelligence,5,R2,3,4,100.0,100.0,100.0,100.0,-0.0342072898640633
fluid_intelligence,5,R3,0,1,100.0,100.0,100.0,100.0,-0.02260610385794047
fluid_intelligence,5,R3,0,2,100.0,100.0,100.0,100.0,0.12863377629760234
fluid_intelligence,5,R3,0,3,100.0,100.0,100.0,100.0,-0.10579989334029888
fluid_intelligence,5,R3,0,4,100.0,100.0,100.0,100.0,0.050902798184608355
fluid_intelligence,5,R3,1,2,100.0,100.0,100.0,100.0,0.1844015628911309
fluid_intelligence,5,R3,1,3,100.0,100.0,100.0,100.0,-0.14744071135490472
fluid_intelligence,5,R3,1,4,100.0,100.0,100.0,100.0,0.07325780085110088
fluid_intelligence,5,R3,2,3,100.0,100.0,100.0,100.0,-0.023780759895952373
fluid_intelligence,5,R3,2,4,100.0,100.0,100.0,100.0,0.04779007629433724
fluid_intelligence,5,R3,3,4,100.0,100.0,100.0,100.0,-0.0342072898640633
fluid_intelligence,6,R0,0,1,100.0,100.0,0.001,100.0,0.06011502455816296
fluid_intelligence,6,R0,0,2,100.0,100.0,0.001,100.0,0.006671673142434236
fluid_intelligence,6,R0,0,3,100.0,100.0,0.001,100.0,-0.15148942654085176
fluid_intelligence,6,R0,0,4,100.0,100.0,0.001,100.0,0.23446632056682015
fluid_intelligence,6,R0,1,2,100.0,100.0,100.0,100.0,-0.019383768134870104
fluid_intelligence,6,R0,1,3,100.0,100.0,100.0,100.0,0.03806009947649677
fluid_intelligence,6,R0,1,4,100.0,100.0,100.0,100.0,-0.02371545803811452
fluid_intelligence,6,R0,2,3,100.0,100.0,100.0,100.0,-0.0769582394619127
fluid_intelligence,6,R0,2,4,100.0,100.0,100.0,100.0,0.03999738792568649
fluid_intelligence,6,R0,3,4,100.0,100.0,100.0,100.0,0.10142466886516256
fluid_intelligence,6,R1,0,1,100.0,100.0,0.001,100.0,0.06011502455816296
fluid_intelligence,6,R1,0,2,100.0,100.0,0.001,100.0,0.006671673142434236
fluid_intelligence,6,R1,0,3,100.0,100.0,0.001,100.0,-0.15148942654085176
fluid_intelligence,6,R1,0,4,100.0,100.0,0.001,100.0,0.23446632056682015
fluid_intelligence,6,R1,1,2,100.0,100.0,100.0,100.0,-0.019383768134870104
fluid_intelligence,6,R1,1,3,100.0,100.0,100.0,100.0,0.03806009947649677
fluid_intelligence,6,R1,1,4,100.0,100.0,100.0,100.0,-0.02371545803811452
fluid_intelligence,6,R1,2,3,100.0,100.0,100.0,100.0,-0.0769582394619127
fluid_intelligence,6,R1,2,4,100.0,100.0,100.0,100.0,0.03999738792568649
fluid_intelligence,6,R1,3,4,100.0,100.0,100.0,100.0,0.10142466886516256
fluid_intelligence,6,R2,0,1,100.0,100.0,0.001,100.0,0.05812098568489988
fluid_intelligence,6,R2,0,2,100.0,100.0,0.001,100.0,0.010285042609462239
fluid_intelligence,6,R2,0,3,100.0,100.0,0.001,100.0,-0.17647827080680445
fluid_intelligence,6,R2,0,4,100.0,100.0,0.001,100.0,0.2320501518268195
fluid_intelligence,6,R2,1,2,100.0,100.0,100.0,100.0,-0.02571804834514209
fluid_intelligence,6,R2,1,3,100.0,100.0,100.0,100.0,0.04422024139920114
fluid_intelligence,6,R2,1,4,100.0,100.0,100.0,100.0,-0.01968851013811343
fluid_intelligence,6,R2,2,3,100.0,100.0,100.0,100.0,-0.07007977710299192
fluid_intelligence,6,R2,2,4,100.0,100.0,100.0,100.0,0.03085512782838672
fluid_intelligence,6,R2,3,4,100.0,100.0,100.0,100.0,0.12791545586138592
fluid_intelligence,6,R3,0,1,100.0,100.0,0.001,100.0,0.05812098568489988
fluid_intelligence,6,R3,0,2,100.0,100.0,0.001,100.0,0.010285042609462239
fluid_intelligence,6,R3,0,3,100.0,100.0,0.001,100.0,-0.17647827080680445
fluid_intelligence,6,R3,0,4,100.0,100.0,0.001,100.0,0.2320501518268195
fluid_intelligence,6,R3,1,2,100.0,100.0,100.0,100.0,-0.02571804834514209
fluid_intelligence,6,R3,1,3,100.0,100.0,100.0,100.0,0.04422024139920114
fluid_intelligence,6,R3,1,4,100.0,100.0,100.0,100.0,-0.01968851013811343
fluid_intelligence,6,R3,2,3,100.0,100.0,100.0,100.0,-0.07007977710299192
fluid_intelligence,6,R3,2,4,100.0,100.0,100.0,100.0,0.03085512782838672
fluid_intelligence,6,R3,3,4,100.0,100.0,100.0,100.0,0.12791545586138592
fluid_intelligence,7,R0,0,1,100.0,100.0,100.0,100.0,-0.22028882078838
fluid_intelligence,7,R0,0,2,100.0,100.0,100.0,100.0,0.012483538490003375
fluid_intelligence,7,R0,0,3,100.0,100.0,100.0,100.0,0.04983620117325671
fluid_intelligence,7,R0,0,4,100.0,100.0,100.0,100.0,0.1135708144230037
fluid_intelligence,7,R0,1,2,100.0,100.0,100.0,100.0,-0.12889498372895375
fluid_intelligence,7,R0,1,3,100.0,100.0,100.0,100.0,-0.08923498873542951
fluid_intelligence,7,R0,1,4,100.0,100.0,100.0,100.0,-0.0360139745975773
fluid_intelligence,7,R0,2,3,100.0,100.0,100.0,100.0,0.057628889541907466
fluid_intelligence,7,R0,2,4,100.0,100.0,100.0,100.0,-0.02717645650352086
fluid_intelligence,7,R0,3,4,100.0,100.0,100.0,100.0,0.01206996005703029
fluid_intelligence,7,R1,0,1,100.0,100.0,100.0,100.0,-0.22028882078838
fluid_intelligence,7,R1,0,2,100.0,100.0,100.0,100.0,0.012483538490003375
fluid_intelligence,7,R1,0,3,100.0,100.0,100.0,100.0,0.04983620117325671
fluid_intelligence,7,R1,0,4,100.0,100.0,100.0,100.0,0.1135708144230037
fluid_intelligence,7,R1,1,2,100.0,100.0,100.0,100.0,-0.12889498372895375
fluid_intelligence,7,R1,1,3,100.0,100.0,100.0,100.0,-0.08923498873542951
fluid_intelligence,7,R1,1,4,100.0,100.0,100.0,100.0,-0.0360139745975773
fluid_intelligence,7,R1,2,3,100.0,100.0,100.0,100.0,0.057628889541907466
fluid_intelligence,7,R1,2,4,100.0,100.0,100.0,100.0,-0.02717645650352086
fluid_intelligence,7,R1,3,4,100.0,100.0,100.0,100.0,0.01206996005703029
fluid_intelligence,7,R2,0,1,100.0,100.0,100.0,100.0,-0.22295453591368958
fluid_intelligence,7,R2,0,2,100.0,100.0,100.0,100.0,0.015204449233247352
fluid_intelligence,7,R2,0,3,100.0,100.0,100.0,100.0,0.043676059250552346
fluid_intelligence,7,R2,0,4,100.0,100.0,100.0,100.0,0.11448504043273365
fluid_intelligence,7,R2,1,2,100.0,100.0,100.0,100.0,-0.17595585594410162
fluid_intelligence,7,R2,1,3,100.0,100.0,100.0,100.0,-0.11300486498840893
fluid_intelligence,7,R2,1,4,100.0,100.0,100.0,100.0,-0.04587455513109348
fluid_intelligence,7,R2,2,3,100.0,100.0,100.0,100.0,0.05466853865325802
fluid_intelligence,7,R2,2,4,100.0,100.0,100.0,100.0,-0.025282702626223046
fluid_intelligence,7,R2,3,4,100.0,100.0,100.0,100.0,0.013267160784057638
fluid_intelligence,7,R3,0,1,100.0,100.0,100.0,100.0,-0.22295453591368958
fluid_intelligence,7,R3,0,2,100.0,100.0,100.0,100.0,0.015204449233247352
fluid_intelligence,7,R3,0,3,100.0,100.0,100.0,100.0,0.043676059250552346
fluid_intelligence,7,R3,0,4,100.0,100.0,100.0,100.0,0.11448504043273365
fluid_intelligence,7,R3,1,2,100.0,100.0,100.0,100.0,-0.17595585594410162
fluid_intelligence,7,R3,1,3,100.0,100.0,100.0,100.0,-0.11300486498840893
fluid_intelligence,7,R3,1,4,100.0,100.0,100.0,100.0,-0.04587455513109348
fluid_intelligence,7,R3,2,3,100.0,100.0,100.0,100.0,0.05466853865325802
fluid_intelligence,7,R3,2,4,100.0,100.0,100.0,100.0,-0.025282702626223046
fluid_intelligence,7,R3,3,4,100.0,100.0,100.0,100.0,0.013267160784057638
fluid_intelligence,8,R0,0,1,100.0,100.0,100.0,100.0,0.011355526636161368
fluid_intelligence,8,R0,0,2,100.0,100.0,100.0,100.0,0.22980812137438644
fluid_intelligence,8,R0,0,3,100.0,100.0,100.0,100.0,0.05262241377433855
fluid_intelligence,8,R0,0,4,100.0,100.0,100.0,100.0,-0.15669180788193426
fluid_intelligence,8,R0,1,2,100.0,100.0,100.0,100.0,-0.04343661910514687
fluid_intelligence,8,R0,1,3,100.0,100.0,100.0,100.0,-0.010089137035948674
fluid_intelligence,8,R0,1,4,100.0,100.0,100.0,100.0,0.06372372960677399
fluid_intelligence,8,R0,2,3,100.0,100.0,100.0,100.0,0.0371894080386587
fluid_intelligence,8,R0,2,4,100.0,100.0,100.0,100.0,0.3285445304252239
fluid_intelligence,8,R0,3,4,100.0,100.0,100.0,100.0,-0.12364906781597937
fluid_intelligence,8,R1,0,1,100.0,100.0,100.0,100.0,0.011355526636161368
fluid_intelligence,8,R1,0,2,100.0,100.0,100.0,100.0,0.22980812137438644
fluid_intelligence,8,R1,0,3,100.0,100.0,100.0,100.0,0.05262241377433855
fluid_intelligence,8,R1,0,4,100.0,100.0,100.0,100.0,-0.15669180788193426
fluid_intelligence,8,R1,1,2,100.0,100.0,100.0,100.0,-0.04343661910514687
fluid_intelligence,8,R1,1,3,100.0,100.0,100.0,100.0,-0.010089137035948674
fluid_intelligence,8,R1,1,4,100.0,100.0,100.0,100.0,0.06372372960677399
fluid_intelligence,8,R1,2,3,100.0,100.0,100.0,100.0,0.0371894080386587
fluid_intelligence,8,R1,2,4,100.0,100.0,100.0,100.0,0.3285445304252239
fluid_intelligence,8,R1,3,4,100.0,100.0,100.0,100.0,-0.12364906781597937
fluid_intelligence,8,R2,0,1,100.0,100.0,100.0,100.0,0.03511607405230679
fluid_intelligence,8,R2,0,2,100.0,100.0,100.0,100.0,0.22963398308681884
fluid_intelligence,8,R2,0,3,100.0,100.0,100.0,100.0,0.05199116248190594
fluid_intelligence,8,R2,0,4,100.0,100.0,100.0,100.0,-0.1448286370413905
fluid_intelligence,8,R2,1,2,100.0,100.0,100.0,100.0,-0.061307560866773324
fluid_intelligence,8,R2,1,3,100.0,100.0,100.0,100.0,0.041281657796497645
fluid_intelligence,8,R2,1,4,100.0,100.0,100.0,100.0,0.028221286228926543
fluid_intelligence,8,R2,2,3,100.0,100.0,100.0,100.0,0.03390254786081998
fluid_intelligence,8,R2,2,4,100.0,100.0,100.0,100.0,0.33359454076468475
fluid_intelligence,8,R2,3,4,100.0,100.0,100.0,100.0,-0.11775013332462643
fluid_intelligence,8,R3,0,1,100.0,100.0,100.0,100.0,0.03511607405230679
fluid_intelligence,8,R3,0,2,100.0,100.0,100.0,100.0,0.22963398308681884
fluid_intelligence,8,R3,0,3,100.0,100.0,100.0,100.0,0.05199116248190594
fluid_intelligence,8,R3,0,4,100.0,100.0,100.0,100.0,-0.1448286370413905
fluid_intelligence,8,R3,1,2,100.0,100.0,100.0,100.0,-0.061307560866773324
fluid_intelligence,8,R3,1,3,100.0,100.0,100.0,100.0,0.041281657796497645
fluid_intelligence,8,R3,1,4,100.0,100.0,100.0,100.0,0.028221286228926543
fluid_intelligence,8,R3,2,3,100.0,100.0,100.0,100.0,0.03390254786081998
fluid_intelligence,8,R3,2,4,100.0,100.0,100.0,100.0,0.33359454076468475
fluid_intelligence,8,R3,3,4,100.0,100.0,100.0,100.0,-0.11775013332462643
fluid_intelligence,9,R0,0,1,100.0,100.0,100.0,100.0,0.09989085260904243
fluid_intelligence,9,R0,0,2,100.0,100.0,100.0,100.0,-0.043719593822444246
fluid_intelligence,9,R0,0,3,100.0,100.0,100.0,100.0,-0.09171645933326804
fluid_intelligence,9,R0,0,4,100.0,100.0,100.0,100.0,0.010306809895408192
fluid_intelligence,9,R0,1,2,100.0,100.0,100.0,100.0,-0.10408027775056868
fluid_intelligence,9,R0,1,3,100.0,100.0,100.0,100.0,0.030811593256494817
fluid_intelligence,9,R0,1,4,100.0,100.0,100.0,100.0,0.05331896692460901
fluid_intelligence,9,R0,2,3,100.0,100.0,100.0,100.0,-0.0687302053743429
fluid_intelligence,9,R0,2,4,100.0,100.0,100.0,100.0,-0.105299245763542
fluid_intelligence,9,R0,3,4,100.0,100.0,100.0,100.0,-0.04422024139920114
fluid_intelligence,9,R1,0,1,100.0,100.0,100.0,100.0,0.09989085260904243
fluid_intelligence,9,R1,0,2,100.0,100.0,100.0,100.0,-0.043719593822444246
fluid_intelligence,9,R1,0,3,100.0,100.0,100.0,100.0,-0.09171645933326804
fluid_intelligence,9,R1,0,4,100.0,100.0,100.0,100.0,0.010306809895408192
fluid_intelligence,9,R1,1,2,100.0,100.0,100.0,100.0,-0.10408027775056868
fluid_intelligence,9,R1,1,3,100.0,100.0,100.0,100.0,0.030811593256494817
fluid_intelligence,9,R1,1,4,100.0,100.0,100.0,100.0,0.05331896692460901
fluid_intelligence,9,R1,2,3,100.0,100.0,100.0,100.0,-0.0687302053743429
fluid_intelligence,9,R1,2,4,100.0,100.0,100.0,100.0,-0.105299245763542
fluid_intelligence,9,R1,3,4,100.0,100.0,100.0,100.0,-0.04422024139920114
fluid_intelligence,9,R2,0,1,100.0,100.0,100.0,100.0,0.11924352462113261
fluid_intelligence,9,R2,0,2,100.0,100.0,100.0,100.0,-0.07430263057650657
fluid_intelligence,9,R2,0,3,100.0,100.0,100.0,100.0,-0.08705826014083434
fluid_intelligence,9,R2,0,4,100.0,100.0,100.0,100.0,0.04165170165757883
fluid_intelligence,9,R2,1,2,100.0,100.0,100.0,100.0,-0.10344902645813607
fluid_intelligence,9,R2,1,3,100.0,100.0,100.0,100.0,0.029723228959197226
fluid_intelligence,9,R2,1,4,100.0,100.0,100.0,100.0,0.04622283170622871
fluid_intelligence,9,R2,2,3,100.0,100.0,100.0,100.0,-0.08788541700678051
fluid_intelligence,9,R2,2,4,100.0,100.0,100.0,100.0,-0.08701472556894244
fluid_intelligence,9,R2,3,4,100.0,100.0,100.0,100.0,-0.06572631991380155
fluid_intelligence,9,R3,0,1,100.0,100.0,100.0,100.0,0.11924352462113261
fluid_intelligence,9,R3,0,2,100.0,100.0,100.0,100.0,-0.07430263057650657
fluid_intelligence,9,R3,0,3,100.0,100.0,100.0,100.0,-0.08705826014083434
fluid_intelligence,9,R3,0,4,100.0,100.0,100.0,100.0,0.04165170165757883
fluid_intelligence,9,R3,1,2,100.0,100.0,100.0,100.0,-0.10344902645813607
fluid_intelligence,9,R3,1,3,100.0,100.0,100.0,100.0,0.029723228959197226
fluid_intelligence,9,R3,1,4,100.0,100.0,100.0,100.0,0.04622283170622871
fluid_intelligence,9,R3,2,3,100.0,100.0,100.0,100.0,-0.08788541700678051
fluid_intelligence,9,R3,2,4,100.0,100.0,100.0,100.0,-0.08701472556894244
fluid_intelligence,9,R3,3,4,100.0,100.0,100.0,100.0,-0.06572631991380155
