seed,fold,task,model,pearson_r,rmse,mae,alpha_fc,alpha_sc,lambda2_wm,lambda2_fi,eta_wm,eta_fi
909,0,WM,base_late_fusion,0.31139875190253463,10.997166165862147,9.100718224317703,100,100,10.0,10.0,0.0,0.0
909,0,FI,base_late_fusion,0.4110483400763567,4.653856188838998,3.9220876807006384,100,100,10.0,10.0,0.0,0.0
909,0,WM,ind_residual_no_prior,0.31139875190253463,10.997166165862147,9.100718224317703,100,100,10.0,10.0,0.0,1.0
909,0,FI,ind_residual_no_prior,0.35702348332708084,4.843775415038209,4.020786236774642,100,100,10.0,10.0,0.0,1.0
909,0,WM,ind_residual_prior,0.31139875190253463,10.997166165862147,9.100718224317703,100,100,10.0,10.0,0.0,1.0
909,0,FI,ind_residual_prior,0.41152799037610893,4.652985042266005,3.921419062063761,100,100,10.0,10.0,0.0,1.0
909,0,WM,mt_residual_no_prior,0.3123873967250477,11.03511909199476,9.121865724700939,100,100,10.0,10.0,0.0,1.0
909,0,FI,mt_residual_no_prior,0.3980099528919746,4.6941406282883475,3.9411913200693722,100,100,10.0,10.0,0.0,1.0
909,0,WM,mt_residual_prior,0.31139875190253463,10.997166165862147,9.100718224317703,100,100,10.0,10.0,0.0,1.0
909,0,FI,mt_residual_prior,0.41153015140763743,4.652983489039461,3.921410739273559,100,100,10.0,10.0,0.0,1.0
909,1,WM,base_late_fusion,0.2584252131617062,11.731033034806682,9.450310931566515,100,100,10.0,10.0,0.0,0.0
909,1,FI,base_late_fusion,0.3265108726081912,4.502567599434704,3.444545159246371,100,100,10.0,10.0,0.0,0.0
909,1,WM,ind_residual_no_prior,0.25000785526064645,11.931681652544126,9.610163417579772,100,100,10.0,10.0,0.75,1.0
909,1,FI,ind_residual_no_prior,0.3065687250649616,4.6288410767644885,3.466875527585669,100,100,10.0,10.0,0.75,1.0
909,1,WM,ind_residual_prior,0.25845306196524076,11.731055509838262,9.450415433714197,100,100,10.0,10.0,0.75,1.0
909,1,FI,ind_residual_prior,0.3268468960280629,4.502254142113411,3.444972154456045,100,100,10.0,10.0,0.75,1.0
909,1,WM,mt_residual_no_prior,0.25558535726238263,11.795807151492548,9.502555977626873,100,100,10.0,10.0,0.75,1.0
909,1,FI,mt_residual_no_prior,0.3226924655861919,4.525568401684805,3.4479549622664436,100,100,10.0,10.0,0.75,1.0
909,1,WM,mt_residual_prior,0.2584533913371859,11.731062385765052,9.450423115712205,100,100,10.0,10.0,0.75,1.0
909,1,FI,mt_residual_prior,0.32684755789291087,4.502257277337,3.444976556227008,100,100,10.0,10.0,0.75,1.0
909,2,WM,base_late_fusion,0.4017082522672193,11.311479268542076,9.476273284398046,100,50,10.0,10.0,0.0,0.0
909,2,FI,base_late_fusion,0.3931764791760087,4.739411146737053,3.8553585766565797,100,50,10.0,10.0,0.0,0.0
909,2,WM,ind_residual_no_prior,0.3965717056939075,11.388655652910467,9.506356530573722,100,50,10.0,10.0,1.0,1.0
909,2,FI,ind_residual_no_prior,0.40389367010520094,4.779930886775641,3.8698214936118855,100,50,10.0,10.0,1.0,1.0
909,2,WM,ind_residual_prior,0.4016884253578167,11.311612445889716,9.476466420516326,100,50,10.0,10.0,1.0,1.0
909,2,FI,ind_residual_prior,0.39349112037822953,4.738602755627361,3.854615980328116,100,50,10.0,10.0,1.0,1.0
909,2,WM,mt_residual_no_prior,0.40067139809648045,11.327016407003764,9.483794095941963,100,50,10.0,10.0,1.0,1.0
909,2,FI,mt_residual_no_prior,0.398413740660651,4.736526733572393,3.848507823693033,100,50,10.0,10.0,1.0,1.0
909,2,WM,mt_residual_prior,0.4016905162430729,11.31160002651502,9.476458976524722,100,50,10.0,10.0,1.0,1.0
909,2,FI,mt_residual_prior,0.3934945758264309,4.738593865785717,3.8546063115957008,100,50,10.0,10.0,1.0,1.0
909,3,WM,base_late_fusion,0.132490292305437,11.72969162110624,9.189814913863584,100,100,10.0,10.0,0.0,0.0
909,3,FI,base_late_fusion,0.4008330241284729,4.79301472119411,4.025689129099747,100,100,10.0,10.0,0.0,0.0
909,3,WM,ind_residual_no_prior,0.1293591009880125,11.916262076415173,9.27296766180237,100,100,10.0,10.0,1.0,0.75
909,3,FI,ind_residual_no_prior,0.36098803410442815,4.907799126463782,4.0943008411731086,100,100,10.0,10.0,1.0,0.75
909,3,WM,ind_residual_prior,0.13241252646387897,11.730639171821808,9.190446563158403,100,100,10.0,10.0,1.0,0.75
909,3,FI,ind_residual_prior,0.40106632292039335,4.792631528425617,4.025981649389142,100,100,10.0,10.0,1.0,0.75
909,3,WM,mt_residual_no_prior,0.13174568793997188,11.77312017553168,9.210603100848282,100,100,10.0,10.0,1.0,0.75
909,3,FI,mt_residual_no_prior,0.38826385848166656,4.8254748050608685,4.047520415257465,100,100,10.0,10.0,1.0,0.75
909,3,WM,mt_residual_prior,0.1324137080450863,11.730647315180192,9.19044830971677,100,100,10.0,10.0,1.0,0.75
909,3,FI,mt_residual_prior,0.4010657124765533,4.79263230628894,4.025985578752263,100,100,10.0,10.0,1.0,0.75
909,4,WM,base_late_fusion,0.24238310995350423,11.459912212977057,9.287549504620639,100,1,10.0,10.0,0.0,0.0
909,4,FI,base_late_fusion,0.3513743378386649,4.244658360688935,3.5733352669013048,100,1,10.0,10.0,0.0,0.0
909,4,WM,ind_residual_no_prior,0.24238310995350423,11.459912212977057,9.287549504620639,100,1,10.0,10.0,0.0,1.0
909,4,FI,ind_residual_no_prior,0.32278247045468206,4.363543533541273,3.7065613060954217,100,1,10.0,10.0,0.0,1.0
909,4,WM,ind_residual_prior,0.24238310995350423,11.459912212977057,9.287549504620639,100,1,10.0,10.0,0.0,1.0
909,4,FI,ind_residual_prior,0.35133638146289714,4.244797550752148,3.5734530854527664,100,1,10.0,10.0,0.0,1.0
909,4,WM,mt_residual_no_prior,0.24254568993144113,11.497187284375157,9.305165000098388,100,1,10.0,10.0,0.0,1.0
909,4,FI,mt_residual_no_prior,0.3454500200928977,4.266845204116108,3.601881109396994,100,1,10.0,10.0,0.0,1.0
909,4,WM,mt_residual_prior,0.24238310995350423,11.459912212977057,9.287549504620639,100,1,10.0,10.0,0.0,1.0
909,4,FI,mt_residual_prior,0.3513369495942169,4.244798141828589,3.573455334605491,100,1,10.0,10.0,0.0,1.0
1010,0,WM,base_late_fusion,0.2661937471694756,10.925515254020945,8.590977429022123,100,100,10.0,10.0,0.0,0.0
1010,0,FI,base_late_fusion,0.31743951241512247,5.130178686311671,4.278845554132247,100,100,10.0,10.0,0.0,0.0
1010,0,WM,ind_residual_no_prior,0.27177879694312823,10.95921055903495,8.637392526303575,100,100,10.0,10.0,1.0,0.5
1010,0,FI,ind_residual_no_prior,0.2894375953391375,5.209364954738949,4.3323401909119434,100,100,10.0,10.0,1.0,0.5
1010,0,WM,ind_residual_prior,0.26608600543651034,10.926204209260693,8.591810681479565,100,100,10.0,10.0,1.0,0.5
1010,0,FI,ind_residual_prior,0.3177607916688361,5.129466784003878,4.277906876177904,100,100,10.0,10.0,1.0,0.5
1010,0,WM,mt_residual_no_prior,0.2679856993715948,10.930349541328853,8.59812838242602,100,100,10.0,10.0,1.0,0.5
1010,0,FI,mt_residual_no_prior,0.30366894113935233,5.166610422495842,4.304711039867084,100,100,10.0,10.0,1.0,0.5
1010,0,WM,mt_residual_prior,0.266090215442822,10.926186859613136,8.591804725101367,100,100,10.0,10.0,1.0,0.5
1010,0,FI,mt_residual_prior,0.3177618339288584,5.129464144671612,4.277904739809044,100,100,10.0,10.0,1.0,0.5
1010,1,WM,base_late_fusion,0.30604189371656776,10.844556995812859,9.152594618144407,100,100,10.0,10.0,0.0,0.0
1010,1,FI,base_late_fusion,0.307779409020723,4.524412402101088,3.739460909675588,100,100,10.0,10.0,0.0,0.0
1010,1,WM,ind_residual_no_prior,0.30604189371656776,10.844556995812859,9.152594618144407,100,100,10.0,10.0,0.0,1.0
1010,1,FI,ind_residual_no_prior,0.3178024053432956,4.569836566107354,3.828646112436995,100,100,10.0,10.0,0.0,1.0
1010,1,WM,ind_residual_prior,0.30604189371656776,10.844556995812859,9.152594618144407,100,100,10.0,10.0,0.0,1.0
1010,1,FI,ind_residual_prior,0.30872416081953824,4.522094729790695,3.7383090726385375,100,100,10.0,10.0,0.0,1.0
1010,1,WM,mt_residual_no_prior,0.30274916572776667,10.89958084817493,9.20628429373855,100,100,10.0,10.0,0.0,1.0
1010,1,FI,mt_residual_no_prior,0.31251908562051844,4.524764099692318,3.7499986672198915,100,100,10.0,10.0,0.0,1.0
1010,1,WM,mt_residual_prior,0.30604189371656776,10.844556995812859,9.152594618144407,100,100,10.0,10.0,0.0,1.0
1010,1,FI,mt_residual_prior,0.3087380677992438,4.522070504757359,3.738291613669512,100,100,10.0,10.0,0.0,1.0
1010,2,WM,base_late_fusion,0.153087721260117,12.858083359600673,10.622647434993038,100,100,10.0,10.0,0.0,0.0
1010,2,FI,base_late_fusion,0.42477564868922246,4.147533950475171,3.311923796494042,100,100,10.0,10.0,0.0,0.0
1010,2,WM,ind_residual_no_prior,0.13800023500325515,13.096926791574338,10.777005886850272,100,100,10.0,10.0,1.0,1.0
1010,2,FI,ind_residual_no_prior,0.4134392701334916,4.254473634509043,3.298467333516995,100,100,10.0,10.0,1.0,1.0
1010,2,WM,ind_residual_prior,0.15297866217690953,12.859390730113786,10.623651621002459,100,100,10.0,10.0,1.0,1.0
1010,2,FI,ind_residual_prior,0.4247818549593517,4.1477777818060835,3.3118155270115968,100,100,10.0,10.0,1.0,1.0
1010,2,WM,mt_residual_no_prior,0.14921488983517586,12.91498774073193,10.657655943729038,100,100,10.0,10.0,1.0,1.0
1010,2,FI,mt_residual_no_prior,0.4239890481504967,4.160816245097691,3.296870725399123,100,100,10.0,10.0,1.0,1.0
1010,2,WM,mt_residual_prior,0.1529780512335401,12.859413483898692,10.623669103064433,100,100,10.0,10.0,1.0,1.0
1010,2,FI,mt_residual_prior,0.4247838904267246,4.147778149133747,3.311805076554789,100,100,10.0,10.0,1.0,1.0
1010,3,WM,base_late_fusion,0.3581906168947172,11.217960764900077,8.692605845116162,100,50,10.0,10.0,0.0,0.0
1010,3,FI,base_late_fusion,0.25844231294998726,4.9098632829887485,4.162802701098736,100,50,10.0,10.0,0.0,0.0
1010,3,WM,ind_residual_no_prior,0.365182149286987,11.2254099000502,8.620608195777807,100,50,10.0,10.0,1.0,1.0
1010,3,FI,ind_residual_no_prior,0.25916068829723043,4.968200974568397,4.16049182077961,100,50,10.0,10.0,1.0,1.0
1010,3,WM,ind_residual_prior,0.3581882798229944,11.218062805510295,8.692666097676064,100,50,10.0,10.0,1.0,1.0
1010,3,FI,ind_residual_prior,0.25783462131592616,4.912079197925309,4.166423803348703,100,50,10.0,10.0,1.0,1.0
1010,3,WM,mt_residual_no_prior,0.36023640435264215,11.216965066451571,8.671341878242037,100,50,10.0,10.0,1.0,1.0
1010,3,FI,mt_residual_no_prior,0.2600493966453501,4.917188209118054,4.160508525976971,100,50,10.0,10.0,1.0,1.0
1010,3,WM,mt_residual_prior,0.35818777881370467,11.21806814675492,8.692669946563633,100,50,10.0,10.0,1.0,1.0
1010,3,FI,mt_residual_prior,0.25782682070522245,4.9120997373593935,4.166459025961264,100,50,10.0,10.0,1.0,1.0
1010,4,WM,base_late_fusion,0.09992537750068298,11.84265724943988,9.454005316115511,100,50,10.0,10.0,0.0,0.0
1010,4,FI,base_late_fusion,0.3998973177023627,4.4884120592010355,3.6660043479393547,100,50,10.0,10.0,0.0,0.0
1010,4,WM,ind_residual_no_prior,0.09992537750068298,11.84265724943988,9.454005316115511,100,50,10.0,10.0,0.0,1.0
1010,4,FI,ind_residual_no_prior,0.37370646398958385,4.598667156110624,3.6645676941696923,100,50,10.0,10.0,0.0,1.0
1010,4,WM,ind_residual_prior,0.09992537750068298,11.84265724943988,9.454005316115511,100,50,10.0,10.0,0.0,1.0
1010,4,FI,ind_residual_prior,0.40013738770238827,4.487686664935331,3.665608425347808,100,50,10.0,10.0,0.0,1.0
1010,4,WM,mt_residual_no_prior,0.09677628096766794,11.947887088033305,9.506167008821956,100,50,10.0,10.0,0.0,1.0
1010,4,FI,mt_residual_no_prior,0.3960933041364344,4.504029051686877,3.665619659375833,100,50,10.0,10.0,0.0,1.0
1010,4,WM,mt_residual_prior,0.09992537750068298,11.84265724943988,9.454005316115511,100,50,10.0,10.0,0.0,1.0
1010,4,FI,mt_residual_prior,0.400139548463631,4.48768118511163,3.6656042143153686,100,50,10.0,10.0,0.0,1.0
1111,0,WM,base_late_fusion,0.2863696850859947,11.381478408409903,9.668699227037406,100,1,10.0,10.0,0.0,0.0
1111,0,FI,base_late_fusion,0.3310378968892441,4.953975531227369,4.181617165705195,100,1,10.0,10.0,0.0,0.0
1111,0,WM,ind_residual_no_prior,0.2777503652093796,11.516487058920093,9.740384042863258,100,1,10.0,10.0,1.0,1.0
1111,0,FI,ind_residual_no_prior,0.3050070185155967,5.074025350145091,4.257547635397305,100,1,10.0,10.0,1.0,1.0
1111,0,WM,ind_residual_prior,0.28637173234535906,11.381583807373044,9.668795068162074,100,1,10.0,10.0,1.0,1.0
1111,0,FI,ind_residual_prior,0.3310245047745265,4.954064837083329,4.181700183051113,100,1,10.0,10.0,1.0,1.0
1111,0,WM,mt_residual_no_prior,0.28430806116793916,11.411513569919654,9.686620430993871,100,1,10.0,10.0,1.0,1.0
1111,0,FI,mt_residual_no_prior,0.3193541611805404,5.0034675717434824,4.212378883310604,100,1,10.0,10.0,1.0,1.0
1111,0,WM,mt_residual_prior,0.28637196620923444,11.38158575661806,9.668798505941629,100,1,10.0,10.0,1.0,1.0
1111,0,FI,mt_residual_prior,0.3310229794949649,4.9540704348990054,4.1817046573056755,100,1,10.0,10.0,1.0,1.0
1111,1,WM,base_late_fusion,0.3765872278453253,11.875135508959325,9.1796502978792,100,100,10.0,10.0,0.0,0.0
1111,1,FI,base_late_fusion,0.3878627378149644,4.520812245421241,3.8010888446515527,100,100,10.0,10.0,0.0,0.0
1111,1,WM,ind_residual_no_prior,0.37574830664383774,11.900442061551464,9.159098187255616,100,100,10.0,10.0,1.0,1.0
1111,1,FI,ind_residual_no_prior,0.36942831075440485,4.663908553728059,3.8410030537883335,100,100,10.0,10.0,1.0,1.0
1111,1,WM,ind_residual_prior,0.3766439158940359,11.874868405351137,9.179390043916337,100,100,10.0,10.0,1.0,1.0
1111,1,FI,ind_residual_prior,0.38674116316416784,4.525015230667215,3.805421207746004,100,100,10.0,10.0,1.0,1.0
1111,1,WM,mt_residual_no_prior,0.3765641667285189,11.878802594744444,9.171510055897928,100,100,10.0,10.0,1.0,1.0
1111,1,FI,mt_residual_no_prior,0.3850692885872191,4.543289109746044,3.802864309567474,100,100,10.0,10.0,1.0,1.0
1111,1,WM,mt_residual_prior,0.3766470311751161,11.874852897525056,9.1793733917777,100,100,10.0,10.0,1.0,1.0
1111,1,FI,mt_residual_prior,0.3867422281686908,4.525020471238058,3.805420523880917,100,100,10.0,10.0,1.0,1.0
1111,2,WM,base_late_fusion,0.22799155011501254,11.606565312737919,9.319023780206322,50,1,10.0,10.0,0.0,0.0
1111,2,FI,base_late_fusion,0.39075969703216723,4.563616694021343,3.7834119774410206,50,1,10.0,10.0,0.0,0.0
1111,2,WM,ind_residual_no_prior,0.22799155011501254,11.606565312737919,9.319023780206322,50,1,10.0,10.0,0.0,1.0
1111,2,FI,ind_residual_no_prior,0.39444212075879326,4.582529062510603,3.7640986985775244,50,1,10.0,10.0,0.0,1.0
1111,2,WM,ind_residual_prior,0.22799155011501254,11.606565312737919,9.319023780206322,50,1,10.0,10.0,0.0,1.0
1111,2,FI,ind_residual_prior,0.39093712079898413,4.563192489218539,3.782822967531175,50,1,10.0,10.0,0.0,1.0
1111,2,WM,mt_residual_no_prior,0.2233171976338531,11.65317385104474,9.352645097862487,50,1,10.0,10.0,0.25,1.0
1111,2,FI,mt_residual_no_prior,0.3948545231355203,4.553520413701623,3.7686535530566445,50,1,10.0,10.0,0.25,1.0
1111,2,WM,mt_residual_prior,0.2279923758768328,11.606629227238734,9.319061697835341,50,1,10.0,10.0,0.25,1.0
1111,2,FI,mt_residual_prior,0.3909435551067971,4.563178832152764,3.782803803105709,50,1,10.0,10.0,0.25,1.0
1111,3,WM,base_late_fusion,0.35770215040774567,11.358846892114846,9.37405726244811,50,50,10.0,10.0,0.0,0.0
1111,3,FI,base_late_fusion,0.22942895013602038,4.974994026854271,4.063078960737417,50,50,10.0,10.0,0.0,0.0
1111,3,WM,ind_residual_no_prior,0.35770215040774567,11.358846892114846,9.37405726244811,50,50,10.0,10.0,0.0,0.0
1111,3,FI,ind_residual_no_prior,0.22942895013602038,4.974994026854271,4.063078960737417,50,50,10.0,10.0,0.0,0.0
1111,3,WM,ind_residual_prior,0.35770215040774567,11.358846892114846,9.37405726244811,50,50,10.0,10.0,0.0,0.0
1111,3,FI,ind_residual_prior,0.22942895013602038,4.974994026854271,4.063078960737417,50,50,10.0,10.0,0.0,0.0
1111,3,WM,mt_residual_no_prior,0.3573079182125371,11.38148841090794,9.395422190447322,50,50,10.0,10.0,0.0,0.0
1111,3,FI,mt_residual_no_prior,0.2282348905256587,4.988926238481421,4.066829056631209,50,50,10.0,10.0,0.0,0.0
1111,3,WM,mt_residual_prior,0.35770215040774567,11.358846892114846,9.37405726244811,50,50,10.0,10.0,0.0,0.0
1111,3,FI,mt_residual_prior,0.22942895013602038,4.974994026854271,4.063078960737417,50,50,10.0,10.0,0.0,0.0
1111,4,WM,base_late_fusion,0.29780775469111415,9.993668570766507,8.242837787643316,50,50,10.0,10.0,0.0,0.0
1111,4,FI,base_late_fusion,0.35872084162410434,4.228543991401881,3.4274612093730763,50,50,10.0,10.0,0.0,0.0
1111,4,WM,ind_residual_no_prior,0.29780775469111415,9.993668570766507,8.242837787643316,50,50,10.0,10.0,0.0,1.0
1111,4,FI,ind_residual_no_prior,0.29792677723006444,4.472814696396821,3.6252376992479927,50,50,10.0,10.0,0.0,1.0
1111,4,WM,ind_residual_prior,0.29780775469111415,9.993668570766507,8.242837787643316,50,50,10.0,10.0,0.0,1.0
1111,4,FI,ind_residual_prior,0.3594500430633404,4.227049026475449,3.426713886746382,50,50,10.0,10.0,0.0,1.0
1111,4,WM,mt_residual_no_prior,0.2953330281171829,10.068223107309278,8.319779798353569,50,50,10.0,10.0,0.0,1.0
1111,4,FI,mt_residual_no_prior,0.34346219534789435,4.278071616027696,3.471280487362211,50,50,10.0,10.0,0.0,1.0
1111,4,WM,mt_residual_prior,0.29780775469111415,9.993668570766507,8.242837787643316,50,50,10.0,10.0,0.0,1.0
1111,4,FI,mt_residual_prior,0.3594497079507905,4.22705726766841,3.4267242577401005,50,50,10.0,10.0,0.0,1.0
1212,0,WM,base_late_fusion,0.21447479400826083,10.91158393894491,9.055557783379692,50,1,10.0,10.0,0.0,0.0
1212,0,FI,base_late_fusion,0.44958668719288697,4.606581484422573,3.862022488596498,50,1,10.0,10.0,0.0,0.0
1212,0,WM,ind_residual_no_prior,0.23170605373969494,10.901135814838861,8.992041816157101,50,1,10.0,10.0,1.0,1.0
1212,0,FI,ind_residual_no_prior,0.3871723512763754,4.768934438636675,3.9614777409993924,50,1,10.0,10.0,1.0,1.0
1212,0,WM,ind_residual_prior,0.2144798060346065,10.911716597075234,9.055518550370916,50,1,10.0,10.0,1.0,1.0
1212,0,FI,ind_residual_prior,0.4494843984536805,4.6068044707572495,3.8625768945230363,50,1,10.0,10.0,1.0,1.0
1212,0,WM,mt_residual_no_prior,0.21924943647473144,10.905232021116655,9.037801230412335,50,1,10.0,10.0,1.0,1.0
1212,0,FI,mt_residual_no_prior,0.4396246970013979,4.6307464789337915,3.869111756006898,50,1,10.0,10.0,1.0,1.0
1212,0,WM,mt_residual_prior,0.2144806633889629,10.911724219008816,9.055504451313455,50,1,10.0,10.0,1.0,1.0
1212,0,FI,mt_residual_prior,0.44948941489634475,4.606789879077547,3.8625577064267245,50,1,10.0,10.0,1.0,1.0
1212,1,WM,base_late_fusion,0.25765409225481317,11.486160230427569,9.219975073184742,100,50,10.0,10.0,0.0,0.0
1212,1,FI,base_late_fusion,0.38965627054089025,4.594212616135498,3.909693402865706,100,50,10.0,10.0,0.0,0.0
1212,1,WM,ind_residual_no_prior,0.25765409225481317,11.486160230427569,9.219975073184742,100,50,10.0,10.0,0.0,1.0
1212,1,FI,ind_residual_no_prior,0.39136728678038757,4.612256270565978,3.9029785276422366,100,50,10.0,10.0,0.0,1.0
1212,1,WM,ind_residual_prior,0.25765409225481317,11.486160230427569,9.219975073184742,100,50,10.0,10.0,0.0,1.0
1212,1,FI,ind_residual_prior,0.3904520825669994,4.592264134247829,3.9077163195505986,100,50,10.0,10.0,0.0,1.0
1212,1,WM,mt_residual_no_prior,0.25747277864678664,11.540524545310003,9.261451643776146,100,50,10.0,10.0,0.0,1.0
1212,1,FI,mt_residual_no_prior,0.39259355815470426,4.590289119648822,3.9024073897012346,100,50,10.0,10.0,0.0,1.0
1212,1,WM,mt_residual_prior,0.25765409225481317,11.486160230427569,9.219975073184742,100,50,10.0,10.0,0.0,1.0
1212,1,FI,mt_residual_prior,0.3904555565605133,4.592256354338114,3.9077037465876083,100,50,10.0,10.0,0.0,1.0
1212,2,WM,base_late_fusion,0.16100481478283363,12.404958863182792,10.642216254194242,1,1,0.0,10.0,0.0,0.0
1212,2,FI,base_late_fusion,0.28192979649313965,4.280504159055726,3.554263264067631,1,1,0.0,10.0,0.0,0.0
1212,2,WM,ind_residual_no_prior,0.15504713187860414,12.486005439671395,10.71219936398744,1,1,0.0,10.0,0.25,1.0
1212,2,FI,ind_residual_no_prior,0.27418839538808754,4.494423693193722,3.6203828769799933,1,1,0.0,10.0,0.25,1.0
1212,2,WM,ind_residual_prior,0.15504713187860414,12.486005439671395,10.71219936398744,1,1,0.0,10.0,0.25,1.0
1212,2,FI,ind_residual_prior,0.2831118899618148,4.287357422453524,3.5578169807406415,1,1,0.0,10.0,0.25,1.0
1212,2,WM,mt_residual_no_prior,0.1550471318786042,12.486005439671395,10.71219936398744,1,1,0.0,10.0,1.0,1.0
1212,2,FI,mt_residual_no_prior,0.28124641683300955,4.32015270643516,3.565429022760302,1,1,0.0,10.0,1.0,1.0
1212,2,WM,mt_residual_prior,0.16132672213030144,12.417937774572843,10.654897757053147,1,1,0.0,10.0,1.0,1.0
1212,2,FI,mt_residual_prior,0.2848336580657159,4.287892652094814,3.5562846805067627,1,1,0.0,10.0,1.0,1.0
1212,3,WM,base_late_fusion,0.23903978407409676,12.611435968512117,10.365786303695215,50,50,10.0,10.0,0.0,0.0
1212,3,FI,base_late_fusion,0.4779008489507989,4.504266978928526,3.7288887456132307,50,50,10.0,10.0,0.0,0.0
1212,3,WM,ind_residual_no_prior,0.23258939026491013,12.705946326444082,10.419569471060708,50,50,10.0,10.0,0.5,1.0
1212,3,FI,ind_residual_no_prior,0.4706024618175717,4.5208712105790525,3.7130627900861137,50,50,10.0,10.0,0.5,1.0
1212,3,WM,ind_residual_prior,0.23900958050865265,12.611839720661182,10.366127776866431,50,50,10.0,10.0,0.5,1.0
1212,3,FI,ind_residual_prior,0.479088098235268,4.500901906521448,3.7251199884013935,50,50,10.0,10.0,0.5,1.0
1212,3,WM,mt_residual_no_prior,0.23580758582473926,12.65755119621878,10.39267788737796,50,50,10.0,10.0,0.5,1.0
1212,3,FI,mt_residual_no_prior,0.48072382913081946,4.4959144319966455,3.719514493669159,50,50,10.0,10.0,0.5,1.0
1212,3,WM,mt_residual_prior,0.23900976743016544,12.61185464022469,10.36614033451401,50,50,10.0,10.0,0.5,1.0
1212,3,FI,mt_residual_prior,0.4791093652906169,4.500837787406294,3.7250897394549827,50,50,10.0,10.0,0.5,1.0
1212,4,WM,base_late_fusion,0.05492759737041419,12.151650073110526,9.488922406288642,100,55,10.0,10.0,0.0,0.0
1212,4,FI,base_late_fusion,0.3698676571370096,4.6395413070521245,3.640230672601237,100,55,10.0,10.0,0.0,0.0
1212,4,WM,ind_residual_no_prior,0.046461917606821106,12.350884603335828,9.535400989712212,100,55,10.0,10.0,1.0,1.0
1212,4,FI,ind_residual_no_prior,0.3523855208271568,4.806699039224228,3.729484724434306,100,55,10.0,10.0,1.0,1.0
1212,4,WM,ind_residual_prior,0.05493327364352167,12.151905728665628,9.489091333571771,100,55,10.0,10.0,1.0,1.0
1212,4,FI,ind_residual_prior,0.369469600564296,4.640813769448135,3.641343238111908,100,55,10.0,10.0,1.0,1.0
1212,4,WM,mt_residual_no_prior,0.05058976614304492,12.247636238452644,9.508523425163814,100,55,10.0,10.0,1.0,1.0
1212,4,FI,mt_residual_no_prior,0.3675164655486054,4.667615638563063,3.652540646538176,100,55,10.0,10.0,1.0,1.0
1212,4,WM,mt_residual_prior,0.054934277883351805,12.15190982292199,9.489096100008096,100,55,10.0,10.0,1.0,1.0
1212,4,FI,mt_residual_prior,0.36947039916990954,4.640822567854454,3.641352929827833,100,55,10.0,10.0,1.0,1.0
