seed,fold,task,prior_type,mask_family,mask_size,lambda_r,laplacian_ratio,expert_w_fc,expert_w_sc,alpha,ncr_final_r,ridge_final_r,baseline_r
1313,0,WM,matched,direct_topk,1200,0.1,1.0,0.7,0.30000000000000004,0.0,0.15591285832392876,0.15591285832392876,0.15591285832392876
1313,0,WM,cross_task,roi_incident,15,1000.0,0.0,0.5,0.5,0.5,0.14182834709304803,0.14182834709304767,0.15591285832392876
1313,0,WM,shuffled,roi_incident,5,0.1,0.3,0.2,0.8,0.0,0.15591285832392876,0.15591285832392876,0.15591285832392876
1313,0,WM,random,direct_topk,1200,0.1,1.0,0.3,0.7,0.5,0.1788314529211777,0.18036760653776207,0.15591285832392876
1313,0,FI,matched,direct_topk,300,100.0,0.0,0.15,0.85,0.3,0.4811713905810552,0.4784312320372156,0.4822554559661981
1313,0,FI,cross_task,roi_incident,5,1000.0,0.0,0.2,0.8,0.2,0.4807723809278344,0.4791786853421188,0.4822554559661981
1313,0,FI,shuffled,direct_topk,100,1000.0,0.0,0.55,0.44999999999999996,0.35,0.5163212941623245,0.5163212941623245,0.4822554559661981
1313,0,FI,random,direct_topk,100,10.0,0.0,0.35,0.65,0.45,0.5185758290099249,0.5199326754909617,0.4822554559661981
1313,1,WM,matched,direct_topk,1200,1000.0,0.0,0.45,0.55,0.0,0.2138630430943273,0.2138630430943273,0.2138630430943273
1313,1,WM,cross_task,direct_topk,600,1000.0,0.0,1.0,0.0,0.0,0.2138630430943273,0.2138630430943273,0.2138630430943273
1313,1,WM,shuffled,roi_incident,10,1000.0,0.0,0.85,0.15000000000000002,0.5,0.27101528099941,0.27101528099940997,0.2138630430943273
1313,1,WM,random,direct_topk,1200,100.0,0.0,0.6,0.4,0.75,0.2877792277848198,0.22724612021036783,0.2138630430943273
1313,1,FI,matched,roi_incident,5,1000.0,0.0,0.45,0.55,0.0,0.3759394237948884,0.3759394237948884,0.3759394237948884
1313,1,FI,cross_task,roi_incident,5,1000.0,0.0,0.55,0.44999999999999996,0.0,0.3759394237948884,0.3759394237948884,0.3759394237948884
1313,1,FI,shuffled,direct_topk,100,100.0,0.0,0.3,0.7,0.3,0.39762120699065695,0.40219503511213217,0.3759394237948884
1313,1,FI,random,roi_incident,15,1000.0,0.0,0.1,0.9,0.0,0.3759394237948884,0.3759394237948884,0.3759394237948884
1313,2,WM,matched,direct_topk,100,1000.0,0.0,0.3,0.7,0.05,0.2565032780655044,0.2598533983381215,0.2529093345076897
1313,2,WM,cross_task,roi_incident,15,1000.0,0.0,0.65,0.35,0.4,0.2704415511190295,0.262633182109233,0.2529093345076897
1313,2,WM,shuffled,roi_incident,15,1000.0,0.0,0.4,0.6,0.1,0.2666667070322121,0.27331795582838686,0.2529093345076897
1313,2,WM,random,roi_incident,10,1000.0,0.0,0.2,0.8,0.6,0.21844729176839928,0.19964638490741266,0.2529093345076897
1313,2,FI,matched,roi_incident,15,1000.0,0.0,0.25,0.75,0.25,0.24388684464418192,0.2467092962053133,0.23435571679380846
1313,2,FI,cross_task,roi_incident,15,100.0,0.0,0.25,0.75,0.2,0.24327548171940128,0.24546858438595284,0.23435571679380846
1313,2,FI,shuffled,roi_incident,15,0.1,1.0,0.2,0.8,0.45,0.25427863536346984,0.25494340108001695,0.23435571679380846
1313,2,FI,random,roi_incident,15,0.1,1.0,0.25,0.75,0.35,0.22986486358119831,0.23893160474794553,0.23435571679380846
1313,3,WM,matched,direct_topk,100,0.1,0.1,1.0,0.0,0.0,0.3876136458268013,0.3876136458268013,0.3876136458268013
1313,3,WM,cross_task,direct_topk,300,0.1,1.0,1.0,0.0,0.05,0.3889290360045912,0.3889192805585272,0.3876136458268013
1313,3,WM,shuffled,roi_incident,5,0.1,1.0,1.0,0.0,0.0,0.3876136458268013,0.3876136458268013,0.3876136458268013
1313,3,WM,random,direct_topk,300,0.1,1.0,0.85,0.15000000000000002,0.1,0.39034020186058555,0.38893308983812663,0.3876136458268013
1313,3,FI,matched,direct_topk,600,1000.0,0.0,0.4,0.6,0.45,0.40339143779002384,0.415406109531867,0.3852531326916838
1313,3,FI,cross_task,roi_incident,5,1000.0,0.0,0.25,0.75,0.3,0.4046036468272304,0.4099507825614443,0.3852531326916838
1313,3,FI,shuffled,roi_incident,15,1000.0,0.0,0.4,0.6,0.25,0.38502060801958893,0.38466626372593526,0.3852531326916838
1313,3,FI,random,direct_topk,100,100.0,0.0,0.45,0.55,0.35,0.3687160263292202,0.3742441788199082,0.3852531326916838
1313,4,WM,matched,roi_incident,15,1000.0,0.0,0.95,0.050000000000000044,0.9,0.2252984777691701,0.20631363037784325,0.36306829457608664
1313,4,WM,cross_task,direct_topk,600,0.1,1.0,0.85,0.15000000000000002,0.3,0.3504074334863527,0.35038508084373143,0.36306829457608664
1313,4,WM,shuffled,roi_incident,15,0.01,1.0,0.3,0.7,0.3,0.35273739605629817,0.3404473292271735,0.36306829457608664
1313,4,WM,random,direct_topk,600,0.1,1.0,0.95,0.050000000000000044,0.0,0.36306829457608664,0.36306829457608664,0.36306829457608664
1313,4,FI,matched,direct_topk,100,1000.0,0.0,0.4,0.6,0.3,0.22719101442573303,0.22813789795665398,0.21919579096182948
1313,4,FI,cross_task,direct_topk,100,1000.0,0.0,0.55,0.44999999999999996,0.15,0.20940454129376718,0.20354165544468872,0.21919579096182948
1313,4,FI,shuffled,direct_topk,1200,1000.0,0.0,0.25,0.75,0.4,0.23939784985816434,0.24135347973022314,0.21919579096182948
1313,4,FI,random,direct_topk,100,1000.0,0.0,0.15,0.85,0.0,0.21919579096182948,0.21919579096182948,0.21919579096182948
1414,0,WM,matched,direct_topk,1200,0.1,1.0,0.7,0.30000000000000004,0.25,0.11539392165709518,0.08447053412287187,0.09855479022261042
1414,0,WM,cross_task,roi_incident,10,1000.0,0.0,0.35,0.65,0.35,0.09762132570138435,0.09247165294773421,0.09855479022261042
1414,0,WM,shuffled,direct_topk,1200,100.0,0.0,0.7,0.30000000000000004,0.5,0.22161679089846617,0.22161679089846498,0.09855479022261042
1414,0,WM,random,roi_incident,5,0.1,1.0,0.8,0.19999999999999996,0.45,0.09352038486863011,0.09065823264140555,0.09855479022261042
1414,0,FI,matched,roi_incident,15,1000.0,0.0,0.6,0.4,0.4,0.37354159489029937,0.37354159489029926,0.37249569066280325
1414,0,FI,cross_task,roi_incident,15,1000.0,0.0,0.5,0.5,0.35,0.34760980714144374,0.3476098071414437,0.37249569066280325
1414,0,FI,shuffled,roi_incident,15,1000.0,0.0,0.35,0.65,0.0,0.37249569066280325,0.37249569066280325,0.37249569066280325
1414,0,FI,random,direct_topk,300,1000.0,0.0,0.35,0.65,0.05,0.373980725179898,0.3739807251798979,0.37249569066280325
1414,1,WM,matched,direct_topk,600,1000.0,0.0,0.65,0.35,0.0,0.3799975307426978,0.3799975307426978,0.3799975307426978
1414,1,WM,cross_task,roi_incident,10,1000.0,0.0,0.5,0.5,0.0,0.3799975307426978,0.3799975307426978,0.3799975307426978
1414,1,WM,shuffled,direct_topk,1200,0.01,1.0,0.1,0.9,0.55,0.3837112054803154,0.38720855728834924,0.3799975307426978
1414,1,WM,random,direct_topk,1200,100.0,0.0,0.3,0.7,0.0,0.3799975307426978,0.3799975307426978,0.3799975307426978
1414,1,FI,matched,direct_topk,600,1000.0,0.0,0.45,0.55,0.0,0.2212656951693201,0.2212656951693201,0.2212656951693201
1414,1,FI,cross_task,direct_topk,100,100.0,0.0,0.1,0.9,0.0,0.2212656951693201,0.2212656951693201,0.2212656951693201
1414,1,FI,shuffled,roi_incident,15,1000.0,0.0,0.2,0.8,0.15,0.22922768800925059,0.2321966095549628,0.2212656951693201
1414,1,FI,random,direct_topk,100,1000.0,0.0,0.5,0.5,0.0,0.2212656951693201,0.2212656951693201,0.2212656951693201
1414,2,WM,matched,direct_topk,1200,1.0,0.3,0.9,0.09999999999999998,0.15,0.24105927949063893,0.23985590978629748,0.2386060604651622
1414,2,WM,cross_task,direct_topk,1200,1000.0,0.0,0.9,0.09999999999999998,0.0,0.2386060604651622,0.2386060604651622,0.2386060604651622
1414,2,WM,shuffled,roi_incident,15,1000.0,0.0,0.5,0.5,0.1,0.24094378114074805,0.24094378114074808,0.2386060604651622
1414,2,WM,random,direct_topk,1200,1000.0,0.0,0.25,0.75,0.0,0.2386060604651622,0.2386060604651622,0.2386060604651622
1414,2,FI,matched,direct_topk,300,1000.0,0.0,0.25,0.75,0.15,0.44075256354983716,0.4322506658708659,0.41189113339432193
1414,2,FI,cross_task,direct_topk,100,1000.0,0.0,0.9,0.09999999999999998,0.05,0.4127504711846788,0.41708722743155574,0.41189113339432193
1414,2,FI,shuffled,roi_incident,5,1000.0,0.0,0.1,0.9,0.4,0.3937075159702955,0.39926002628868223,0.41189113339432193
1414,2,FI,random,direct_topk,1200,1000.0,0.0,0.55,0.44999999999999996,0.0,0.41189113339432193,0.41189113339432193,0.41189113339432193
1414,3,WM,matched,direct_topk,1200,1000.0,0.0,0.85,0.15000000000000002,0.15,0.4046823076437492,0.40821098871023764,0.39899680978255114
1414,3,WM,cross_task,roi_incident,15,1000.0,0.0,0.8,0.19999999999999996,0.0,0.39899680978255114,0.39899680978255114,0.39899680978255114
1414,3,WM,shuffled,roi_incident,15,0.1,1.0,0.6,0.4,0.0,0.39899680978255114,0.39899680978255114,0.39899680978255114
1414,3,WM,random,direct_topk,100,1000.0,0.0,0.4,0.6,0.25,0.39761480056516124,0.39356483854988655,0.39899680978255114
1414,3,FI,matched,roi_incident,15,1000.0,0.0,0.35,0.65,0.15,0.39885801242100927,0.3988580124210093,0.3945312796906185
1414,3,FI,cross_task,roi_incident,5,1000.0,0.0,0.25,0.75,0.1,0.39283288426561863,0.39283288426561863,0.3945312796906185
1414,3,FI,shuffled,roi_incident,10,1000.0,0.0,0.4,0.6,0.05,0.39509169661774474,0.39509169661774474,0.3945312796906185
1414,3,FI,random,direct_topk,1200,1000.0,0.0,0.15,0.85,0.3,0.24396033084590352,0.22007653538540317,0.3945312796906185
1414,4,WM,matched,roi_incident,15,100.0,0.0,0.65,0.35,0.2,0.16081389136705557,0.1588846351156879,0.1624629480887129
1414,4,WM,cross_task,roi_incident,10,100.0,0.0,0.8,0.19999999999999996,0.0,0.1624629480887129,0.1624629480887129,0.1624629480887129
1414,4,WM,shuffled,roi_incident,15,100.0,0.0,0.55,0.44999999999999996,0.35,0.17263110829665235,0.16872362521370177,0.1624629480887129
1414,4,WM,random,direct_topk,300,100.0,0.0,0.45,0.55,0.0,0.1624629480887129,0.1624629480887129,0.1624629480887129
1414,4,FI,matched,direct_topk,600,1000.0,0.0,0.25,0.75,0.35,0.33193662057509205,0.331936620575092,0.32774113572739105
1414,4,FI,cross_task,direct_topk,300,1000.0,0.0,0.1,0.9,0.2,0.32994519512619347,0.32994519512619347,0.32774113572739105
1414,4,FI,shuffled,roi_incident,15,1000.0,0.0,0.1,0.9,0.15,0.3224781321664687,0.3166161995961497,0.32774113572739105
1414,4,FI,random,direct_topk,1200,1000.0,0.0,0.25,0.75,0.0,0.32774113572739105,0.32774113572739105,0.32774113572739105
1515,0,WM,matched,roi_incident,15,100.0,0.0,0.5,0.5,0.55,0.3270249540066519,0.32566564527071445,0.3953822453183301
1515,0,WM,cross_task,roi_incident,10,1.0,0.3,0.9,0.09999999999999998,0.9,0.16808271911752276,0.16450754422930414,0.3953822453183301
1515,0,WM,shuffled,roi_incident,15,1000.0,0.0,0.0,1.0,0.55,0.21457956154994562,0.31564785190361366,0.3953822453183301
1515,0,WM,random,direct_topk,300,100.0,0.0,0.6,0.4,0.4,0.39400109767064195,0.403024893491622,0.3953822453183301
1515,0,FI,matched,roi_incident,15,1000.0,0.0,0.35,0.65,0.1,0.34561280943637707,0.3424789901937775,0.3417983307217711
1515,0,FI,cross_task,direct_topk,1200,1000.0,0.0,0.05,0.95,0.2,0.3365873088575678,0.3365873088575678,0.3417983307217711
1515,0,FI,shuffled,roi_incident,15,1.0,0.1,0.15,0.85,0.2,0.346187850151113,0.3430230912882235,0.3417983307217711
1515,0,FI,random,roi_incident,5,0.1,1.0,0.35,0.65,0.2,0.34665670641523805,0.34732535177870083,0.3417983307217711
1515,1,WM,matched,roi_incident,15,1000.0,0.0,0.95,0.050000000000000044,0.5,0.34092775443364887,0.36682354351445984,0.2622783727655097
1515,1,WM,cross_task,roi_incident,15,1000.0,0.0,0.85,0.15000000000000002,0.45,0.3199031868193388,0.33367665197097046,0.2622783727655097
1515,1,WM,shuffled,direct_topk,600,100.0,0.0,1.0,0.0,0.1,0.2529185562889312,0.2578773736598412,0.2622783727655097
1515,1,WM,random,direct_topk,300,1000.0,0.0,0.85,0.15000000000000002,0.35,0.2803747232685363,0.27746141766569576,0.2622783727655097
1515,1,FI,matched,roi_incident,10,0.1,0.1,0.4,0.6,0.1,0.19112267008798053,0.1954779606102261,0.18756993998112328
1515,1,FI,cross_task,direct_topk,300,1000.0,0.0,0.0,1.0,0.0,0.18756993998112328,0.18756993998112328,0.18756993998112328
1515,1,FI,shuffled,roi_incident,15,100.0,0.0,0.5,0.5,0.2,0.1869232434686879,0.1859766594134556,0.18756993998112328
1515,1,FI,random,direct_topk,300,100.0,0.0,0.1,0.9,0.0,0.18756993998112328,0.18756993998112328,0.18756993998112328
1515,2,WM,matched,roi_incident,15,1000.0,0.0,0.6,0.4,0.15,0.2216211063284246,0.22010442440947853,0.20544369526416764
1515,2,WM,cross_task,roi_incident,10,1.0,1.0,0.45,0.55,0.2,0.20987411356765928,0.21216933467583338,0.20544369526416764
1515,2,WM,shuffled,direct_topk,1200,0.1,1.0,0.6,0.4,0.35,0.19351401892791062,0.20293722777148043,0.20544369526416764
1515,2,WM,random,roi_incident,15,100.0,0.0,0.4,0.6,0.0,0.20544369526416764,0.20544369526416764,0.20544369526416764
1515,2,FI,matched,roi_incident,5,0.1,1.0,0.35,0.65,0.45,0.42507396267266667,0.4223811010246654,0.4744774715182187
1515,2,FI,cross_task,roi_incident,5,1000.0,0.0,0.1,0.9,0.05,0.4753008095691329,0.4754675382614644,0.4744774715182187
1515,2,FI,shuffled,roi_incident,10,100.0,0.0,0.15,0.85,0.0,0.4744774715182187,0.4744774715182187,0.4744774715182187
1515,2,FI,random,roi_incident,15,100.0,0.0,0.25,0.75,0.1,0.48570530369167403,0.48425450881721543,0.4744774715182187
1515,3,WM,matched,roi_incident,15,1000.0,0.0,0.65,0.35,0.0,0.16669877510890466,0.1676864549634219,0.16669877510890466
1515,3,WM,cross_task,roi_incident,5,1000.0,0.0,0.8,0.19999999999999996,0.15,0.16806036015583076,0.16713439161215457,0.16669877510890466
1515,3,WM,shuffled,roi_incident,15,0.1,1.0,0.3,0.7,0.0,0.16669877510890466,0.16669877510890466,0.16669877510890466
1515,3,WM,random,direct_topk,600,10.0,0.0,0.75,0.25,0.15,0.1841019513256599,0.18831036546894517,0.16669877510890466
1515,3,FI,matched,roi_incident,15,1000.0,0.0,0.0,1.0,0.1,0.4886887832342923,0.48868878323429243,0.46627619048657887
1515,3,FI,cross_task,roi_incident,15,1000.0,0.0,0.05,0.95,0.1,0.47289624510298345,0.4703125335634226,0.46627619048657887
1515,3,FI,shuffled,direct_topk,1200,0.1,1.0,0.35,0.65,0.1,0.4706706917430178,0.4682768341062984,0.46627619048657887
1515,3,FI,random,direct_topk,600,100.0,0.0,0.05,0.95,0.7,0.4407682604624259,0.440768260462426,0.46627619048657887
1515,4,WM,matched,roi_incident,10,1000.0,0.0,0.6,0.4,0.3,0.36641319251591187,0.3668559956436603,0.3619823579138437
1515,4,WM,cross_task,roi_incident,10,0.1,1.0,0.5,0.5,0.35,0.36983629540409285,0.35988382047224504,0.3619823579138437
1515,4,WM,shuffled,direct_topk,1200,0.001,0.0,0.45,0.55,0.1,0.36846895712393735,0.36861801606826927,0.3619823579138437
1515,4,WM,random,roi_incident,5,0.001,1.0,0.5,0.5,0.2,0.35462814219178473,0.35403028238491524,0.3619823579138437
1515,4,FI,matched,roi_incident,15,1000.0,0.0,0.65,0.35,0.05,0.46813496244066166,0.4683365924820371,0.46625232217718365
1515,4,FI,cross_task,roi_incident,5,1000.0,0.0,0.5,0.5,0.2,0.4810680106699933,0.4823356212726663,0.46625232217718365
1515,4,FI,shuffled,roi_incident,10,1000.0,0.0,0.7,0.30000000000000004,0.0,0.46625232217718365,0.46625232217718365,0.46625232217718365
1515,4,FI,random,roi_incident,5,100.0,0.0,0.5,0.5,0.0,0.46625232217718365,0.46625232217718365,0.46625232217718365
1616,0,WM,matched,roi_incident,10,1000.0,0.0,1.0,0.0,0.25,0.2807641707125291,0.2807641707125291,0.25972981751796836
1616,0,WM,cross_task,direct_topk,300,1000.0,0.0,1.0,0.0,0.0,0.25972981751796836,0.25972981751796836,0.25972981751796836
1616,0,WM,shuffled,roi_incident,10,100.0,0.0,0.45,0.55,0.1,0.2632017218202078,0.2647362619366731,0.25972981751796836
1616,0,WM,random,direct_topk,1200,1000.0,0.0,0.6,0.4,0.0,0.25972981751796836,0.25972981751796836,0.25972981751796836
1616,0,FI,matched,roi_incident,15,1000.0,0.0,0.1,0.9,0.05,0.3864130810724014,0.3857570877363471,0.3857570877363471
1616,0,FI,cross_task,roi_incident,15,1000.0,0.0,0.1,0.9,0.15,0.39339180497211657,0.3980684064429246,0.3857570877363471
1616,0,FI,shuffled,roi_incident,5,100.0,0.0,0.1,0.9,0.15,0.38271021422078005,0.37621488043878226,0.3857570877363471
1616,0,FI,random,roi_incident,10,0.1,1.0,0.55,0.44999999999999996,0.0,0.3857570877363471,0.3857570877363471,0.3857570877363471
1616,1,WM,matched,roi_incident,10,1000.0,0.0,0.7,0.30000000000000004,0.8,0.34969474122252114,0.3401739654708559,0.40838743300300023
1616,1,WM,cross_task,roi_incident,10,1000.0,0.0,0.75,0.25,0.85,0.3275845274338227,0.32758452743382227,0.40838743300300023
1616,1,WM,shuffled,roi_incident,10,100.0,0.0,0.3,0.7,0.75,0.35788611971987966,0.3710279492161332,0.40838743300300023
1616,1,WM,random,direct_topk,1200,1000.0,0.0,0.8,0.19999999999999996,0.45,0.3694506207525147,0.3622930599181358,0.40838743300300023
1616,1,FI,matched,roi_incident,15,1000.0,0.0,0.55,0.44999999999999996,0.05,0.40754866883023333,0.40774344066288826,0.40721830071420007
1616,1,FI,cross_task,roi_incident,15,1000.0,0.0,0.4,0.6,0.35,0.39839981037270783,0.40056884004528337,0.40721830071420007
1616,1,FI,shuffled,direct_topk,1200,100.0,0.0,0.15,0.85,0.2,0.3930547719960915,0.38735703121080967,0.40721830071420007
1616,1,FI,random,roi_incident,5,100.0,0.0,0.2,0.8,0.25,0.442840340622718,0.44284034062271793,0.40721830071420007
1616,2,WM,matched,roi_incident,15,1.0,1.0,1.0,0.0,0.2,0.3316879859775482,0.3596596060998546,0.31542242076428967
1616,2,WM,cross_task,roi_incident,15,1000.0,0.0,1.0,0.0,0.35,0.3188078137003755,0.3131154771334985,0.31542242076428967
1616,2,WM,shuffled,roi_incident,10,10.0,0.0,0.4,0.6,0.6,0.33969099895938165,0.3457268579618882,0.31542242076428967
1616,2,WM,random,roi_incident,15,1000.0,0.0,0.35,0.65,0.4,0.33855458001963795,0.33855458001963784,0.31542242076428967
1616,2,FI,matched,direct_topk,300,100.0,0.0,0.1,0.9,0.25,0.2689730654030637,0.2652619330078782,0.26030387074518535
1616,2,FI,cross_task,direct_topk,100,0.1,1.0,0.35,0.65,0.05,0.2627425568489046,0.26030387074518535,0.26030387074518535
1616,2,FI,shuffled,roi_incident,10,100.0,0.0,0.05,0.95,0.2,0.2829042303480396,0.285106813059021,0.26030387074518535
1616,2,FI,random,roi_incident,5,0.1,1.0,0.2,0.8,0.45,0.3051718866866536,0.3058319000697534,0.26030387074518535
1616,3,WM,matched,roi_incident,10,1000.0,0.0,1.0,0.0,0.05,0.2861072809275671,0.2896882887149257,0.28399102521724484
1616,3,WM,cross_task,roi_incident,10,1000.0,0.0,1.0,0.0,0.0,0.28399102521724484,0.28399102521724484,0.28399102521724484
1616,3,WM,shuffled,direct_topk,100,0.001,0.0,0.3,0.7,0.15,0.2835928437021088,0.2835928437021088,0.28399102521724484
1616,3,WM,random,direct_topk,600,100.0,0.0,0.6,0.4,0.3,0.2690454051943664,0.26904540519436687,0.28399102521724484
1616,3,FI,matched,roi_incident,15,1000.0,0.0,0.15,0.85,0.7,0.3609787257314009,0.36097872573140083,0.47710869514065835
1616,3,FI,cross_task,roi_incident,15,1.0,1.0,0.35,0.65,0.25,0.46627883611861864,0.46989174220733143,0.47710869514065835
1616,3,FI,shuffled,direct_topk,300,1000.0,0.0,0.1,0.9,0.4,0.46797298765428963,0.46797298765428963,0.47710869514065835
1616,3,FI,random,direct_topk,600,1000.0,0.0,0.6,0.4,0.35,0.48573722176817224,0.4857372217681724,0.47710869514065835
1616,4,WM,matched,direct_topk,300,1000.0,0.0,0.8,0.19999999999999996,0.3,0.28577721250292387,0.2888321907076695,0.27935821230250846
1616,4,WM,cross_task,direct_topk,600,1000.0,0.0,0.75,0.25,0.25,0.27708793342868276,0.27708793342868293,0.27935821230250846
1616,4,WM,shuffled,direct_topk,1200,100.0,0.0,0.5,0.5,0.0,0.27935821230250846,0.27935821230250846,0.27935821230250846
1616,4,WM,random,direct_topk,1200,100.0,0.0,1.0,0.0,0.4,0.24735338258702044,0.24735338258702105,0.27935821230250846
1616,4,FI,matched,roi_incident,10,0.1,1.0,0.25,0.75,0.3,0.23185695221763158,0.2283181696822691,0.2330178109661576
1616,4,FI,cross_task,roi_incident,15,1000.0,0.0,0.3,0.7,0.05,0.2321967831360361,0.23219678313603606,0.2330178109661576
1616,4,FI,shuffled,direct_topk,600,0.01,0.3,0.0,1.0,0.35,0.22939483384453596,0.22644920825927548,0.2330178109661576
1616,4,FI,random,roi_incident,10,1000.0,0.0,0.0,1.0,0.0,0.2330178109661576,0.2330178109661576,0.2330178109661576
