task,seed,fold,model,pearson,rmse,mae,oof_r,eta
WM,2727,0,A0,0.09705296314497544,12.013111177465605,10.065463391357431,0.3419342409012627,
WM,2727,0,A1,0.09849199233923966,11.951089098805214,10.007908920073577,0.3422186927769618,0.05
WM,2727,0,A2,0.09849199233923966,11.951089098805214,10.007908920073577,0.3422186927769618,0.05
WM,2727,0,A3,0.09705296314497544,12.013111177465605,10.065463391357431,0.3419342409012627,0.0
WM,2727,0,A4,0.09705296314497544,12.013111177465605,10.065463391357431,0.3419342409012627,0.0
WM,2727,0,A5,0.09705296314497544,12.013111177465605,10.065463391357431,0.3419342409012627,0.0
WM,2727,0,A6,0.09705296314497544,12.013111177465605,10.065463391357431,0.3419342409012627,0.0
WM,2727,1,A0,0.31596632721093987,10.324182970963225,8.154439046134307,0.19512975013611655,
WM,2727,1,A1,0.3178951030406515,10.277045418172012,8.10578419722441,0.19554814901729306,0.05
WM,2727,1,A2,0.3178951030406515,10.277045418172012,8.10578419722441,0.19554814901729306,0.05
WM,2727,1,A3,0.31596632721093987,10.324182970963225,8.154439046134307,0.19512975013611655,0.0
WM,2727,1,A4,0.31596632721093987,10.324182970963225,8.154439046134307,0.19512975013611655,0.0
WM,2727,1,A5,0.27075192455121744,10.308918106901912,8.051634696128438,0.19927084343072715,0.35000000000000003
WM,2727,1,A6,0.31596632721093987,10.324182970963225,8.154439046134307,0.19512975013611655,0.0
WM,2727,2,A0,0.3559326307178292,11.35012582705554,9.163822540228994,0.26361873537952624,
WM,2727,2,A1,0.3249368525989098,11.352993522080538,9.090552694844048,0.28626247918870873,0.25
WM,2727,2,A2,0.3249368525989098,11.352993522080538,9.090552694844048,0.28626247918870873,0.25
WM,2727,2,A3,0.35297378400934937,11.29167828904811,9.09049052388305,0.26370608458740863,0.1
WM,2727,2,A4,0.3080130660432876,11.412500294693102,9.104658394365874,0.2690437681414061,0.35000000000000003
WM,2727,2,A5,0.354779162847452,11.229053078647382,8.980181607995647,0.26610441780702254,0.25
WM,2727,2,A6,0.31569755821042306,11.421294091705636,9.041487229171869,0.3016089001662917,0.5
WM,2727,3,A0,0.3739025115362964,10.852725304217945,9.05662063654542,0.0731845577308198,
WM,2727,3,A1,0.36478365163118714,10.841548848660317,9.079230204712132,0.07891380312009558,0.2
WM,2727,3,A2,0.36478365163118714,10.841548848660317,9.079230204712132,0.07891380312009558,0.2
WM,2727,3,A3,0.3739025115362964,10.852725304217945,9.05662063654542,0.0731845577308198,0.0
WM,2727,3,A4,0.3739025115362964,10.852725304217945,9.05662063654542,0.0731845577308198,0.0
WM,2727,3,A5,0.3739025115362964,10.852725304217945,9.05662063654542,0.0731845577308198,0.0
WM,2727,3,A6,0.37097766279535144,10.870176794774862,9.069178195829286,0.07457172561776748,0.25
WM,2727,4,A0,0.18644107195981782,11.249105258401507,9.337029236092908,0.24144888694468136,
WM,2727,4,A1,0.18741596561799492,11.243651470784728,9.314650970093263,0.24259574089985558,0.05
WM,2727,4,A2,0.18741596561799492,11.243651470784728,9.314650970093263,0.24259574089985558,0.05
WM,2727,4,A3,0.18644107195981782,11.249105258401507,9.337029236092908,0.24144888694468136,0.0
WM,2727,4,A4,0.18644107195981782,11.249105258401507,9.337029236092908,0.24144888694468136,0.0
WM,2727,4,A5,0.18644107195981782,11.249105258401507,9.337029236092908,0.24144888694468136,0.0
WM,2727,4,A6,0.22463224416861416,11.182649708974857,9.239335501333604,0.24457965542115045,0.25
WM,2828,0,A0,0.2437388036901072,11.113883534718552,8.890848967732678,0.2108060871862274,
WM,2828,0,A1,0.2437388036901072,11.113883534718552,8.890848967732678,0.2108060871862274,0.0
WM,2828,0,A2,0.2437388036901072,11.113883534718552,8.890848967732678,0.2108060871862274,0.0
WM,2828,0,A3,0.2437388036901072,11.113883534718552,8.890848967732678,0.2108060871862274,0.0
WM,2828,0,A4,0.2437388036901072,11.113883534718552,8.890848967732678,0.2108060871862274,0.0
WM,2828,0,A5,0.2437388036901072,11.113883534718552,8.890848967732678,0.2108060871862274,0.0
WM,2828,0,A6,0.2437388036901072,11.113883534718552,8.890848967732678,0.2108060871862274,0.0
WM,2828,1,A0,0.349528315778255,10.34372491112065,7.859415637204287,0.21633482531533235,
WM,2828,1,A1,0.30497809174999424,10.520223867893431,7.952587148046457,0.22728372160662785,0.15000000000000002
WM,2828,1,A2,0.30497809174999424,10.520223867893431,7.952587148046457,0.22728372160662785,0.15000000000000002
WM,2828,1,A3,0.349528315778255,10.34372491112065,7.859415637204287,0.21633482531533235,0.0
WM,2828,1,A4,0.349528315778255,10.34372491112065,7.859415637204287,0.21633482531533235,0.0
WM,2828,1,A5,0.3460649818644226,10.352900637560136,7.884054798550164,0.21640658786642322,0.05
WM,2828,1,A6,0.349528315778255,10.34372491112065,7.859415637204287,0.21633482531533235,0.0
WM,2828,2,A0,0.17699282759292428,11.392154392782922,9.943395529392788,0.25688380207316863,
WM,2828,2,A1,0.17662786886702642,11.331448313984705,9.897095413292798,0.2592624769668288,0.1
WM,2828,2,A2,0.17662786886702642,11.331448313984705,9.897095413292798,0.2592624769668288,0.1
WM,2828,2,A3,0.17699282759292428,11.392154392782922,9.943395529392788,0.25688380207316863,0.0
WM,2828,2,A4,0.17699282759292428,11.392154392782922,9.943395529392788,0.25688380207316863,0.0
WM,2828,2,A5,0.17699282759292428,11.392154392782922,9.943395529392788,0.25688380207316863,0.0
WM,2828,2,A6,0.17676913172274944,11.220272103221086,9.748963332918438,0.2594279597316208,0.25
WM,2828,3,A0,0.3015901724423145,11.150557332926722,8.971377432934734,0.3244854667755877,
WM,2828,3,A1,0.3015901724423145,11.150557332926722,8.971377432934734,0.3244854667755877,0.0
WM,2828,3,A2,0.3015901724423145,11.150557332926722,8.971377432934734,0.3244854667755877,0.0
WM,2828,3,A3,0.3015901724423145,11.150557332926722,8.971377432934734,0.3244854667755877,0.0
WM,2828,3,A4,0.3015901724423145,11.150557332926722,8.971377432934734,0.3244854667755877,0.0
WM,2828,3,A5,0.30211500277744396,11.098790524929111,8.971893560702211,0.3246973879598478,0.1
WM,2828,3,A6,0.3024245671931356,11.09708618809177,8.96973503689708,0.32480260309007525,0.1
WM,2828,4,A0,0.35971544474447004,11.07017065449002,9.327544458833344,0.1634980303199446,
WM,2828,4,A1,0.35971544474447004,11.07017065449002,9.327544458833344,0.1634980303199446,0.0
WM,2828,4,A2,0.35971544474447004,11.07017065449002,9.327544458833344,0.1634980303199446,0.0
WM,2828,4,A3,0.35971544474447004,11.07017065449002,9.327544458833344,0.1634980303199446,0.0
WM,2828,4,A4,0.35971544474447004,11.07017065449002,9.327544458833344,0.1634980303199446,0.0
WM,2828,4,A5,0.35971544474447004,11.07017065449002,9.327544458833344,0.1634980303199446,0.0
WM,2828,4,A6,0.3546099303531472,11.06233917236826,9.395550416409838,0.17106179330196153,0.30000000000000004
WM,2929,0,A0,0.18012109838952234,11.232721223087015,9.573544991991481,0.2732451139391331,
WM,2929,0,A1,0.18012109838952234,11.232721223087015,9.573544991991481,0.2732451139391331,0.0
WM,2929,0,A2,0.18012109838952234,11.232721223087015,9.573544991991481,0.2732451139391331,0.0
WM,2929,0,A3,0.18012109838952234,11.232721223087015,9.573544991991481,0.2732451139391331,0.0
WM,2929,0,A4,0.18012109838952234,11.232721223087015,9.573544991991481,0.2732451139391331,0.0
WM,2929,0,A5,0.18012109838952234,11.232721223087015,9.573544991991481,0.2732451139391331,0.0
WM,2929,0,A6,0.18340668793387516,10.940166645838287,9.250642938124834,0.2839055490842056,0.35000000000000003
WM,2929,1,A0,0.38571041929499267,10.818479019381103,8.89664525093707,0.24630986841496055,
WM,2929,1,A1,0.3492113435912654,10.845095521176221,8.864327167691222,0.2593962127232723,0.25
WM,2929,1,A2,0.3492113435912654,10.845095521176221,8.864327167691222,0.2593962127232723,0.25
WM,2929,1,A3,0.38571041929499267,10.818479019381103,8.89664525093707,0.24630986841496055,0.0
WM,2929,1,A4,0.38571041929499267,10.818479019381103,8.89664525093707,0.24630986841496055,0.0
WM,2929,1,A5,0.38571041929499267,10.818479019381103,8.89664525093707,0.24630986841496055,0.0
WM,2929,1,A6,0.3794612472131596,10.73698412362949,8.860242282190953,0.24659904485757683,0.1
WM,2929,2,A0,0.06928353890156161,14.063066462259856,11.683206120318996,0.23883159873096305,
WM,2929,2,A1,0.06928353890156161,14.063066462259856,11.683206120318996,0.23883159873096305,0.0
WM,2929,2,A2,0.06928353890156161,14.063066462259856,11.683206120318996,0.23883159873096305,0.0
WM,2929,2,A3,0.06928353890156161,14.063066462259856,11.683206120318996,0.23883159873096305,0.0
WM,2929,2,A4,0.06928353890156161,14.063066462259856,11.683206120318996,0.23883159873096305,0.0
WM,2929,2,A5,0.06928353890156161,14.063066462259856,11.683206120318996,0.23883159873096305,0.0
WM,2929,2,A6,0.06928353890156161,14.063066462259856,11.683206120318996,0.23883159873096305,0.0
WM,2929,3,A0,0.21519061295760838,11.95691704128753,9.39250697546531,0.23244129628258003,
WM,2929,3,A1,0.21418878986633663,11.927429431117849,9.392721169115518,0.23317272334904912,0.1
WM,2929,3,A2,0.21418878986633663,11.927429431117849,9.392721169115518,0.23317272334904912,0.1
WM,2929,3,A3,0.21519061295760838,11.95691704128753,9.39250697546531,0.23244129628258003,0.0
WM,2929,3,A4,0.21519061295760838,11.95691704128753,9.39250697546531,0.23244129628258003,0.0
WM,2929,3,A5,0.21519061295760838,11.95691704128753,9.39250697546531,0.23244129628258003,0.0
WM,2929,3,A6,0.2195830892065915,11.913319626411019,9.381145470012887,0.23249595506810083,0.05
WM,2929,4,A0,0.2671491611410033,11.153693814333556,8.813236249317011,0.2792551952087031,
WM,2929,4,A1,0.2671491611410033,11.153693814333556,8.813236249317011,0.2792551952087031,0.0
WM,2929,4,A2,0.2671491611410033,11.153693814333556,8.813236249317011,0.2792551952087031,0.0
WM,2929,4,A3,0.2671491611410033,11.153693814333556,8.813236249317011,0.2792551952087031,0.0
WM,2929,4,A4,0.2671491611410033,11.153693814333556,8.813236249317011,0.2792551952087031,0.0
WM,2929,4,A5,0.2671491611410033,11.153693814333556,8.813236249317011,0.2792551952087031,0.0
WM,2929,4,A6,0.2671491611410033,11.153693814333556,8.813236249317011,0.2792551952087031,0.0
WM,3030,0,A0,0.1881284608307208,10.768363643884808,8.431703603916548,0.3498259827420366,
WM,3030,0,A1,0.1881284608307208,10.768363643884808,8.431703603916548,0.3498259827420366,0.0
WM,3030,0,A2,0.1881284608307208,10.768363643884808,8.431703603916548,0.3498259827420366,0.0
WM,3030,0,A3,0.1881284608307208,10.768363643884808,8.431703603916548,0.3498259827420366,0.0
WM,3030,0,A4,0.1881284608307208,10.768363643884808,8.431703603916548,0.3498259827420366,0.0
WM,3030,0,A5,0.1881284608307208,10.768363643884808,8.431703603916548,0.3498259827420366,0.0
WM,3030,0,A6,0.1881284608307208,10.768363643884808,8.431703603916548,0.3498259827420366,0.0
WM,3030,1,A0,0.43136735124004555,10.915403482300965,9.193405742281135,0.1825796152216808,
WM,3030,1,A1,0.26218061338363674,11.753548656020612,9.832321381272719,0.22073576261064487,0.45
WM,3030,1,A2,0.26218061338363674,11.753548656020612,9.832321381272719,0.22073576261064487,0.45
WM,3030,1,A3,0.4288702830538037,10.922084806831728,9.204266261695151,0.18279120234718338,0.2
WM,3030,1,A4,0.43136735124004555,10.915403482300965,9.193405742281135,0.1825796152216808,0.0
WM,3030,1,A5,0.42966383478888387,10.933420845408772,9.223312723532699,0.1831749133511148,0.25
WM,3030,1,A6,0.4287519564229048,11.088935855251878,9.312166415661643,0.1849096680406313,0.45
WM,3030,2,A0,0.1942496823180604,12.440166834549975,10.074172205715238,0.3228991436488955,
WM,3030,2,A1,0.1971664692164079,12.368430560638407,10.002332425166701,0.32343862496692694,0.05
WM,3030,2,A2,0.1971664692164079,12.368430560638407,10.002332425166701,0.32343862496692694,0.05
WM,3030,2,A3,0.1942496823180604,12.440166834549975,10.074172205715238,0.3228991436488955,0.0
WM,3030,2,A4,0.1942496823180604,12.440166834549975,10.074172205715238,0.3228991436488955,0.0
WM,3030,2,A5,0.19421740414524774,12.200187882425718,9.837615105482987,0.325097658074395,0.25
WM,3030,2,A6,0.1942496823180604,12.440166834549975,10.074172205715238,0.3228991436488955,0.0
WM,3030,3,A0,0.21391361984141197,11.32423863430081,8.910147851689967,0.23650221172413893,
WM,3030,3,A1,0.21391361984141197,11.32423863430081,8.910147851689967,0.23650221172413893,0.0
WM,3030,3,A2,0.21391361984141197,11.32423863430081,8.910147851689967,0.23650221172413893,0.0
WM,3030,3,A3,0.21391361984141197,11.32423863430081,8.910147851689967,0.23650221172413893,0.0
WM,3030,3,A4,0.21391361984141197,11.32423863430081,8.910147851689967,0.23650221172413893,0.0
WM,3030,3,A5,0.21391361984141197,11.32423863430081,8.910147851689967,0.23650221172413893,0.0
WM,3030,3,A6,0.21391361984141197,11.32423863430081,8.910147851689967,0.23650221172413893,0.0
WM,3030,4,A0,0.3465303173604788,10.672280024636056,8.817482128958789,0.21908587647281297,
WM,3030,4,A1,0.35851735236530774,10.607417427973711,8.814016484567777,0.2220172078204514,0.15000000000000002
WM,3030,4,A2,0.35851735236530774,10.607417427973711,8.814016484567777,0.2220172078204514,0.15000000000000002
WM,3030,4,A3,0.3465303173604788,10.672280024636056,8.817482128958789,0.21908587647281297,0.0
WM,3030,4,A4,0.3465303173604788,10.672280024636056,8.817482128958789,0.21908587647281297,0.0
WM,3030,4,A5,0.3465303173604788,10.672280024636056,8.817482128958789,0.21908587647281297,0.0
WM,3030,4,A6,0.3465303173604788,10.672280024636056,8.817482128958789,0.21908587647281297,0.0
FI,2727,0,A0,0.521045542166269,4.472748048325734,3.7788783841865703,0.2677933077049569,
FI,2727,0,A1,0.521045542166269,4.472748048325734,3.7788783841865703,0.2677933077049569,0.0
FI,2727,0,A2,0.521045542166269,4.472748048325734,3.7788783841865703,0.2677933077049569,0.0
FI,2727,0,A3,0.521045542166269,4.472748048325734,3.7788783841865703,0.2677933077049569,0.0
FI,2727,0,A4,0.521045542166269,4.472748048325734,3.7788783841865703,0.2677933077049569,0.0
FI,2727,0,A5,0.5231241965513547,4.6062645311969845,3.8955140012285545,0.2692534023070804,0.30000000000000004
FI,2727,0,A6,0.521045542166269,4.472748048325734,3.7788783841865703,0.2677933077049569,0.0
FI,2727,1,A0,0.32035839987996984,4.760631914668948,4.062908054957602,0.3810188036296113,
FI,2727,1,A1,0.3278909865248861,4.729623387783891,4.048981738946585,0.38140468461016697,0.05
FI,2727,1,A2,0.3278909865248861,4.729623387783891,4.048981738946585,0.38140468461016697,0.05
FI,2727,1,A3,0.32035839987996984,4.760631914668948,4.062908054957602,0.3810188036296113,0.0
FI,2727,1,A4,0.32035839987996984,4.760631914668948,4.062908054957602,0.3810188036296113,0.0
FI,2727,1,A5,0.32340540199779944,4.737866114323112,4.055644805165357,0.38118889886340407,0.05
FI,2727,1,A6,0.32035839987996984,4.760631914668948,4.062908054957602,0.3810188036296113,0.0
FI,2727,2,A0,0.31627190207726763,4.465094054477431,3.70311729674636,0.31850531093716056,
FI,2727,2,A1,0.2877091124399216,4.495201832494869,3.758513237350035,0.32301298055137184,0.1
FI,2727,2,A2,0.2877091124399216,4.495201832494869,3.758513237350035,0.32301298055137184,0.1
FI,2727,2,A3,0.31627190207726763,4.465094054477431,3.70311729674636,0.31850531093716056,0.0
FI,2727,2,A4,0.31627190207726763,4.465094054477431,3.70311729674636,0.31850531093716056,0.0
FI,2727,2,A5,0.31841321697138736,4.407227852645753,3.7075337043180947,0.32495793225084485,0.25
FI,2727,2,A6,0.3169085639545709,4.424509556283771,3.7015426607790394,0.31903839831488906,0.15000000000000002
FI,2727,3,A0,0.37472550202701044,4.665781238366813,3.973767501856482,0.2830547353766698,
FI,2727,3,A1,0.34864373282569977,4.709336365024496,4.001798903969815,0.30204526933923503,0.2
FI,2727,3,A2,0.34864373282569977,4.709336365024496,4.001798903969815,0.30204526933923503,0.2
FI,2727,3,A3,0.37472550202701044,4.665781238366813,3.973767501856482,0.2830547353766698,0.0
FI,2727,3,A4,0.37472550202701044,4.665781238366813,3.973767501856482,0.2830547353766698,0.0
FI,2727,3,A5,0.360247208397961,4.683007603297349,3.967390873551091,0.28570835589123034,0.15000000000000002
FI,2727,3,A6,0.3700451664856922,4.675726107599276,3.9720864532384104,0.2834115138210279,0.05
FI,2727,4,A0,0.2088389033046174,4.895189927490017,3.900369023418268,0.3570720049796216,
FI,2727,4,A1,0.2088389033046174,4.895189927490017,3.900369023418268,0.3570720049796216,0.0
FI,2727,4,A2,0.2088389033046174,4.895189927490017,3.900369023418268,0.3570720049796216,0.0
FI,2727,4,A3,0.2088389033046174,4.895189927490017,3.900369023418268,0.3570720049796216,0.0
FI,2727,4,A4,0.2088389033046174,4.895189927490017,3.900369023418268,0.3570720049796216,0.0
FI,2727,4,A5,0.2088389033046174,4.895189927490017,3.900369023418268,0.3570720049796216,0.0
FI,2727,4,A6,0.2088389033046174,4.895189927490017,3.900369023418268,0.3570720049796216,0.0
FI,2828,0,A0,0.4015524586947833,4.381914388607988,3.7016260706123476,0.3189518007494393,
FI,2828,0,A1,0.4015524586947833,4.381914388607988,3.7016260706123476,0.3189518007494393,0.0
FI,2828,0,A2,0.4015524586947833,4.381914388607988,3.7016260706123476,0.3189518007494393,0.0
FI,2828,0,A3,0.4015524586947833,4.381914388607988,3.7016260706123476,0.3189518007494393,0.0
FI,2828,0,A4,0.4015524586947833,4.381914388607988,3.7016260706123476,0.3189518007494393,0.0
FI,2828,0,A5,0.4031774826968728,4.386764148659608,3.7205385081741986,0.31950646820594486,0.1
FI,2828,0,A6,0.4045453603896277,4.379241700290306,3.708404463549132,0.3190740785844234,0.05
FI,2828,1,A0,0.3691915831996053,4.313026674133941,3.681622591842975,0.331905996168381,
FI,2828,1,A1,0.37015372750284514,4.297591488585307,3.682823493809606,0.33561285195771656,0.1
FI,2828,1,A2,0.37015372750284514,4.297591488585307,3.682823493809606,0.33561285195771656,0.1
FI,2828,1,A3,0.3691915831996053,4.313026674133941,3.681622591842975,0.331905996168381,0.0
FI,2828,1,A4,0.3691915831996053,4.313026674133941,3.681622591842975,0.331905996168381,0.0
FI,2828,1,A5,0.37632989337844247,4.287108577056114,3.6743181010704937,0.332152375882246,0.1
FI,2828,1,A6,0.3745151222528553,4.291029996750198,3.6774380655875336,0.3325668331488459,0.1
FI,2828,2,A0,0.22892950598255107,5.114261299829577,4.181494276040017,0.39136812913613195,
FI,2828,2,A1,0.22892950598255107,5.114261299829577,4.181494276040017,0.39136812913613195,0.0
FI,2828,2,A2,0.22892950598255107,5.114261299829577,4.181494276040017,0.39136812913613195,0.0
FI,2828,2,A3,0.22892950598255107,5.114261299829577,4.181494276040017,0.39136812913613195,0.0
FI,2828,2,A4,0.22892950598255107,5.114261299829577,4.181494276040017,0.39136812913613195,0.0
FI,2828,2,A5,0.22943067323020272,5.0830868528400845,4.158795113383682,0.3920189558559835,0.1
FI,2828,2,A6,0.22892950598255107,5.114261299829577,4.181494276040017,0.39136812913613195,0.0
FI,2828,3,A0,0.3023481361796737,4.557924768851798,3.639350282234786,0.3646630925387063,
FI,2828,3,A1,0.3021539075162659,4.496552539374416,3.630650232463843,0.37064264359526633,0.15000000000000002
FI,2828,3,A2,0.3021539075162659,4.496552539374416,3.630650232463843,0.37064264359526633,0.15000000000000002
FI,2828,3,A3,0.30137809329188614,4.505771740894557,3.6250121875065084,0.3649576447699133,0.1
FI,2828,3,A4,0.3023481361796737,4.557924768851798,3.639350282234786,0.3646630925387063,0.0
FI,2828,3,A5,0.3023481361796737,4.557924768851798,3.639350282234786,0.3646630925387063,0.0
FI,2828,3,A6,0.3023481361796737,4.557924768851798,3.639350282234786,0.3646630925387063,0.0
FI,2828,4,A0,0.4217431381806751,4.8050624829979816,4.094667017658071,0.34128628881044293,
FI,2828,4,A1,0.4201912242647758,4.821948161328803,4.128061861992964,0.3418818114965607,0.1
FI,2828,4,A2,0.4201912242647758,4.821948161328803,4.128061861992964,0.3418818114965607,0.1
FI,2828,4,A3,0.4217431381806751,4.8050624829979816,4.094667017658071,0.34128628881044293,0.0
FI,2828,4,A4,0.4217431381806751,4.8050624829979816,4.094667017658071,0.34128628881044293,0.0
FI,2828,4,A5,0.42315584772170356,4.878233644475084,4.19915542744576,0.34795535123927285,0.35000000000000003
FI,2828,4,A6,0.4022021351165503,4.910298265079061,4.228475566850522,0.35047914696281224,0.35000000000000003
FI,2929,0,A0,0.44164259745330364,4.402278854425782,3.615046731975639,0.3605844141796293,
FI,2929,0,A1,0.44853181303150735,4.394192570961667,3.6192984867582316,0.36460966141345086,0.1
FI,2929,0,A2,0.44853181303150735,4.394192570961667,3.6192984867582316,0.36460966141345086,0.1
FI,2929,0,A3,0.44164259745330364,4.402278854425782,3.615046731975639,0.3605844141796293,0.0
FI,2929,0,A4,0.44164259745330364,4.402278854425782,3.615046731975639,0.3605844141796293,0.0
FI,2929,0,A5,0.44164259745330364,4.402278854425782,3.615046731975639,0.3605844141796293,0.0
FI,2929,0,A6,0.44065380030410756,4.406704581128836,3.6231677573637944,0.3606371868141508,0.05
FI,2929,1,A0,0.39864758101020686,4.412595114825182,3.6985853810457976,0.3661131409206307,
FI,2929,1,A1,0.39864758101020686,4.412595114825182,3.6985853810457976,0.3661131409206307,0.0
FI,2929,1,A2,0.39864758101020686,4.412595114825182,3.6985853810457976,0.3661131409206307,0.0
FI,2929,1,A3,0.39864758101020686,4.412595114825182,3.6985853810457976,0.3661131409206307,0.0
FI,2929,1,A4,0.39864758101020686,4.412595114825182,3.6985853810457976,0.3661131409206307,0.0
FI,2929,1,A5,0.39864758101020686,4.412595114825182,3.6985853810457976,0.3661131409206307,0.0
FI,2929,1,A6,0.39864758101020686,4.412595114825182,3.6985853810457976,0.3661131409206307,0.0
FI,2929,2,A0,0.3506014364124267,4.737666821496421,3.932202992158408,0.28422053111626666,
FI,2929,2,A1,0.3504652224379815,4.728208550497057,3.9344036064349863,0.2854855215997746,0.1
FI,2929,2,A2,0.3504652224379815,4.728208550497057,3.9344036064349863,0.2854855215997746,0.1
FI,2929,2,A3,0.3506014364124267,4.737666821496421,3.932202992158408,0.28422053111626666,0.0
FI,2929,2,A4,0.3506014364124267,4.737666821496421,3.932202992158408,0.28422053111626666,0.0
FI,2929,2,A5,0.35486452177586814,4.7181323893811316,3.9032811846573985,0.2848816418570123,0.1
FI,2929,2,A6,0.3506014364124267,4.737666821496421,3.932202992158408,0.28422053111626666,0.0
FI,2929,3,A0,0.4688572736331005,4.191115041424673,3.5243716127025317,0.3665643164551386,
FI,2929,3,A1,0.4714496527252608,4.206185965072325,3.574352987095408,0.36726177659398984,0.1
FI,2929,3,A2,0.4714496527252608,4.206185965072325,3.574352987095408,0.36726177659398984,0.1
FI,2929,3,A3,0.4688572736331005,4.191115041424673,3.5243716127025317,0.3665643164551386,0.0
FI,2929,3,A4,0.46879982785074237,4.2112722088591035,3.572733660317225,0.3666490898574104,0.1
FI,2929,3,A5,0.4620617869533033,4.409121236397339,3.821398806723044,0.3774910886673176,0.55
FI,2929,3,A6,0.46855846708514337,4.201866308597055,3.555519879230833,0.36656607803031527,0.05
FI,2929,4,A0,0.31574609301260603,4.777205476751988,3.9320460406858753,0.3455021033661938,
FI,2929,4,A1,0.28318864250587034,4.830553648167097,4.0324795074257445,0.36691098704589875,0.2
FI,2929,4,A2,0.28318864250587034,4.830553648167097,4.0324795074257445,0.36691098704589875,0.2
FI,2929,4,A3,0.31574609301260603,4.777205476751988,3.9320460406858753,0.3455021033661938,0.0
FI,2929,4,A4,0.31574609301260603,4.777205476751988,3.9320460406858753,0.3455021033661938,0.0
FI,2929,4,A5,0.31269965250083526,4.77399233573642,4.020605870874023,0.35015410282558157,0.30000000000000004
FI,2929,4,A6,0.31574609301260603,4.777205476751988,3.9320460406858753,0.3455021033661938,0.0
FI,3030,0,A0,0.4189149974501917,4.616219187061169,3.823961737763566,0.24311520535870518,
FI,3030,0,A1,0.43129661900387295,4.582744804103486,3.772285090616548,0.2573862119605968,0.2
FI,3030,0,A2,0.43129661900387295,4.582744804103486,3.772285090616548,0.2573862119605968,0.2
FI,3030,0,A3,0.4189149974501917,4.616219187061169,3.823961737763566,0.24311520535870518,0.0
FI,3030,0,A4,0.4189149974501917,4.616219187061169,3.823961737763566,0.24311520535870518,0.0
FI,3030,0,A5,0.4300322752842687,4.6328816308632765,3.8624490628661206,0.2457665456984322,0.35000000000000003
FI,3030,0,A6,0.4246954062040961,4.601338792724664,3.819192291572647,0.2435845090010121,0.1
FI,3030,1,A0,0.43326150499095595,4.436422266269517,3.7124559993767217,0.35068066194491554,
FI,3030,1,A1,0.4324446589086617,4.441888520805095,3.738956580494022,0.35197296706805004,0.05
FI,3030,1,A2,0.4324446589086617,4.441888520805095,3.738956580494022,0.35197296706805004,0.05
FI,3030,1,A3,0.43326150499095595,4.436422266269517,3.7124559993767217,0.35068066194491554,0.0
FI,3030,1,A4,0.43326150499095595,4.436422266269517,3.7124559993767217,0.35068066194491554,0.0
FI,3030,1,A5,0.4108006134353074,4.546217662653041,3.91272040628579,0.3752364933944945,0.35000000000000003
FI,3030,1,A6,0.42595986737439884,4.470641667807167,3.791477222630076,0.35344437364501774,0.15000000000000002
FI,3030,2,A0,0.2895187584423556,3.8714588101100493,3.034448667086582,0.3357320689404383,
FI,3030,2,A1,0.292198221346724,3.864453335791908,3.038478862457234,0.33919223588899605,0.05
FI,3030,2,A2,0.292198221346724,3.864453335791908,3.038478862457234,0.33919223588899605,0.05
FI,3030,2,A3,0.2895187584423556,3.8714588101100493,3.034448667086582,0.3357320689404383,0.0
FI,3030,2,A4,0.2895187584423556,3.8714588101100493,3.034448667086582,0.3357320689404383,0.0
FI,3030,2,A5,0.2895187584423556,3.8714588101100493,3.034448667086582,0.3357320689404383,0.0
FI,3030,2,A6,0.2895187584423556,3.8714588101100493,3.034448667086582,0.3357320689404383,0.0
FI,3030,3,A0,0.26501287208542434,4.770703811313436,4.160528864463004,0.37843575730944723,
FI,3030,3,A1,0.26501287208542434,4.770703811313436,4.160528864463004,0.37843575730944723,0.0
FI,3030,3,A2,0.26501287208542434,4.770703811313436,4.160528864463004,0.37843575730944723,0.0
FI,3030,3,A3,0.264436454777275,4.7499164772407125,4.151387908953962,0.37878819658097074,0.1
FI,3030,3,A4,0.26501287208542434,4.770703811313436,4.160528864463004,0.37843575730944723,0.0
FI,3030,3,A5,0.26501287208542434,4.770703811313436,4.160528864463004,0.37843575730944723,0.0
FI,3030,3,A6,0.26687229130802437,4.74485364390034,4.14295661504397,0.3789839308034654,0.1
FI,3030,4,A0,0.41597529320005056,4.9252234170652525,4.108628412863888,0.26093381105742774,
FI,3030,4,A1,0.4158117382917459,4.975901799915592,4.214128719438601,0.2616668423084703,0.30000000000000004
FI,3030,4,A2,0.4158117382917459,4.975901799915592,4.214128719438601,0.2616668423084703,0.30000000000000004
FI,3030,4,A3,0.4128233491193871,4.999524309516447,4.230208959284863,0.26145060320076974,0.35000000000000003
FI,3030,4,A4,0.41585644409121975,4.927601390666612,4.124434680757706,0.2609391048873395,0.05
FI,3030,4,A5,0.4208165827707445,4.985627279262758,4.233387357809201,0.26393636666958176,0.35000000000000003
FI,3030,4,A6,0.4137370023583496,5.181449583522907,4.410098027001669,0.2683414513288155,0.7000000000000001
