task,seed,outer_fold,n_train,n_test,shared_alpha_SC,shared_sc_pearson,shared_sc_rmse,shared_sc_mae,baseline_lambda_F,baseline_fp_pearson,baseline_fp_rmse,baseline_fp_mae,baseline_w_FP,baseline_w_SC,baseline_fused_pearson,baseline_fused_rmse,baseline_fused_mae,adaptive_rho,adaptive_tau,adaptive_lambda_F,adaptive_fp_pearson,adaptive_fp_rmse,adaptive_fp_mae,adaptive_w_FP,adaptive_w_SC,adaptive_fused_pearson,adaptive_fused_rmse,adaptive_fused_mae,shadow_lambda_F,shadow_fp_pearson,shadow_fp_rmse,shadow_fp_mae,prediction_delta_fp,prediction_delta_fused,semantic_delta_fp,semantic_delta_fused_fixed_weight,adaptive_uses_semantic
working_memory,101,0,329,83,3000.0,0.21835378377665723,11.09763026129991,9.21070896915178,0.1,0.3967713206712391,10.442668416686601,8.731421053788452,0.45,0.55,0.37482903319545013,10.377797690624721,8.669702584343385,0.0,0.0,0.1,0.3967713206712391,10.442668416686601,8.731421053788452,0.45,0.55,0.37482903319545013,10.377797690624721,8.669702584343385,0.1,0.3967713206712391,10.442668416686601,8.731421053788452,0.0,0.0,0.0,0.0,False
working_memory,101,1,329,83,3000.0,0.19917695086966125,12.169430260198455,9.739444420159426,0.1,0.2615174204276685,12.212652005338894,10.042877233478153,0.55,0.45,0.3042737695794253,11.750379982858751,9.672664720224962,0.0,0.0,0.1,0.2615174204276685,12.212652005338894,10.042877233478153,0.55,0.45,0.3042737695794253,11.750379982858751,9.672664720224962,0.1,0.2615174204276685,12.212652005338894,10.042877233478153,0.0,0.0,0.0,0.0,False
working_memory,101,2,330,82,3000.0,0.05774907875427785,12.331661623022763,10.459063086708742,0.1,0.3178297519311929,11.498220721011371,9.35222697123526,0.5,0.5,0.27155359023403397,11.515575485314923,9.586927932832872,0.0,0.0,0.1,0.3178297519311929,11.498220721011371,9.35222697123526,0.5,0.5,0.27155359023403397,11.515575485314923,9.586927932832872,0.1,0.3178297519311929,11.498220721011371,9.35222697123526,0.0,0.0,0.0,0.0,False
working_memory,101,3,330,82,3000.0,0.10417196750823501,11.323587068684912,8.985197381580416,0.1,0.3252863458839481,10.604004030738935,8.954506953168416,0.75,0.25,0.3208372856316254,10.516198695103714,8.813977249427584,0.0,0.0,0.1,0.3252863458839481,10.604004030738935,8.954506953168416,0.75,0.25,0.3208372856316254,10.516198695103714,8.813977249427584,0.1,0.3252863458839481,10.604004030738935,8.954506953168416,0.0,0.0,0.0,0.0,False
working_memory,101,4,330,82,3000.0,0.28355958035054496,10.403965395203247,8.12009108967107,0.1,0.4061621045607856,10.169355134678746,8.312806838786038,0.95,0.05,0.4126465444468123,10.075931911981925,8.229270546345367,0.0,0.0,0.1,0.4061621045607856,10.169355134678746,8.312806838786038,0.95,0.05,0.4126465444468123,10.075931911981925,8.229270546345367,0.1,0.4061621045607856,10.169355134678746,8.312806838786038,0.0,0.0,0.0,0.0,False
working_memory,202,0,329,83,3000.0,0.23134228190329253,11.770315174859066,9.79048706767448,0.1,0.3051213075608849,11.555579354054204,9.608198720896109,0.65,0.35,0.3331891862807473,11.271698287364202,9.270665414256428,0.25,0.5,0.001,0.192263514678559,13.562593323649224,11.21348002399853,0.55,0.45,0.24178576336526322,11.909667192856187,9.691050793353831,0.001,0.23206844815405941,13.14766465718972,11.157036648341377,-0.11285779288232589,-0.09140342291548406,-0.039804933475500404,-0.03361410360361858,True
working_memory,202,1,329,83,0.001,0.35431910244876536,10.94464910309507,8.761064817395008,0.1,0.3145714875266149,11.578880340034297,9.943599123025313,1.0,0.0,0.3145714875266149,11.578880340034297,9.943599123025313,0.0,0.003,0.001,0.2876396204892761,13.175677830435955,10.984174243497302,1.0,0.0,0.2876396204892761,13.175677830435955,10.984174243497302,0.001,0.28668902228953286,13.213891186874418,11.019651582901828,-0.026931867037338797,-0.026931867037338797,0.0009505981997432467,0.0009505981997432467,True
working_memory,202,2,330,82,3000.0,0.14916972946762505,10.554112951045399,8.566079838018197,0.1,0.23223407000172724,10.5710242043201,8.573924338088915,0.5,0.5,0.24105872096516912,10.241797025538373,8.352268727618963,0.0,0.0,0.1,0.23223407000172724,10.5710242043201,8.573924338088915,0.5,0.5,0.24105872096516912,10.241797025538373,8.352268727618963,0.1,0.23223407000172724,10.5710242043201,8.573924338088915,0.0,0.0,0.0,0.0,False
working_memory,202,3,330,82,3000.0,0.13325697201683656,11.374718220281526,9.08572899860594,0.1,0.3090874021611119,10.943229313087638,8.538848507340981,0.7,0.3,0.31311660086195237,10.65705973682381,8.220562744141851,0.0,0.0,0.01,0.2998329040008423,11.835684637333863,9.412950227698374,0.6,0.4,0.3065651531783111,10.854970139090145,8.437052885383025,0.01,0.2998329040008423,11.835684637333863,9.412950227698374,-0.00925449816026963,-0.006551447683641243,0.0,0.0,False
working_memory,202,4,330,82,3000.0,0.018537153755169813,13.282689967438637,10.57972924465845,0.1,0.31811047681195925,11.81917913734886,9.48000849202418,0.45,0.55,0.21239568274523363,12.101173403464646,9.731061245439596,0.0,0.0,1.0,0.2337377000687087,11.922380861307532,9.628378105130178,0.6,0.4,0.1484459139531225,12.192594953477666,9.813945544071538,1.0,0.2337377000687087,11.922380861307532,9.628378105130178,-0.08437277674325055,-0.06394976879211112,0.0,0.0,False
working_memory,303,0,329,83,3000.0,0.1208440998678767,11.024548960379628,9.169971170226688,0.1,0.3138806879682764,10.433677825239588,8.663258472585557,0.85,0.15,0.3228259402728979,10.29007992810236,8.63825620297316,0.25,0.0,0.1,0.3163425988950005,10.438238422574525,8.632233761704718,0.85,0.15,0.32542277170727374,10.287363698152822,8.598560120355117,0.1,0.3138806879682764,10.433677825239588,8.663258472585557,0.002461910926724098,0.0025968314343758347,0.002461910926724098,0.0025968314343758347,True
working_memory,303,1,329,83,3000.0,0.0936329684407099,12.745246933409879,10.525681437395386,0.1,0.28132084152366105,12.350665783994815,9.987034024744474,0.45,0.55,0.23534605728450111,12.207606382880329,9.96758652439517,0.0,0.0,0.1,0.28132084152366105,12.350665783994815,9.987034024744474,0.45,0.55,0.23534605728450111,12.207606382880329,9.96758652439517,0.1,0.28132084152366105,12.350665783994815,9.987034024744474,0.0,0.0,0.0,0.0,False
working_memory,303,2,330,82,3000.0,0.10382674448282972,11.058111411020816,8.873125742896503,0.1,0.36616125730951166,10.143157949660793,8.232462016110928,0.4,0.6,0.2946933095488633,10.222878701710776,8.283606244348185,0.0,0.0,0.1,0.36616125730951166,10.143157949660793,8.232462016110928,0.4,0.6,0.2946933095488633,10.222878701710776,8.283606244348185,0.1,0.36616125730951166,10.143157949660793,8.232462016110928,0.0,0.0,0.0,0.0,False
working_memory,303,3,330,82,3000.0,0.14620357050154256,12.422357951147237,9.84323760950298,0.1,0.4765604646487211,11.025224397468262,9.055556463465685,0.45,0.55,0.417781033522937,11.389807643377075,9.08083186531814,0.0,0.1,0.1,0.470500626010786,11.06271892613917,9.059856806252903,0.45,0.55,0.4131709635269478,11.412582204832367,9.102480594431292,0.1,0.4765604646487211,11.025224397468262,9.055556463465685,-0.006059838637935078,-0.0046100699959891744,-0.006059838637935078,-0.0046100699959891744,True
working_memory,303,4,330,82,3000.0,0.21717476783839934,10.659093198871386,8.413503639440156,0.1,0.21552949428487778,11.098072181164481,9.217357744445764,0.8,0.2,0.2445990928384624,10.663591887824731,8.842132689574282,0.25,0.0,0.1,0.21727203097834005,11.125066563244838,9.200921347920055,0.8,0.2,0.24554660536638329,10.680363971764661,8.847346318779593,0.1,0.21552949428487778,11.098072181164481,9.217357744445764,0.0017425366934622766,0.0009475125279208851,0.0017425366934622766,0.0009475125279208851,True
working_memory,404,0,329,83,3000.0,0.06560185924186487,12.46554757097075,10.01289364023216,0.1,0.27091731461101265,11.664135634404374,9.60274227759073,0.6,0.4,0.24525236129596822,11.48957320509528,9.602110358199681,0.0,0.0,0.1,0.27091731461101265,11.664135634404374,9.60274227759073,0.6,0.4,0.24525236129596822,11.48957320509528,9.602110358199681,0.1,0.27091731461101265,11.664135634404374,9.60274227759073,0.0,0.0,0.0,0.0,False
working_memory,404,1,329,83,3000.0,0.17576437930162647,11.24957331039489,8.892703846265071,0.1,0.16877500674367668,11.891144019879967,9.543149769591864,0.55,0.45,0.20565428423060644,11.174087499514545,8.860414399401941,0.0,0.0,0.1,0.16877500674367668,11.891144019879967,9.543149769591864,0.55,0.45,0.20565428423060644,11.174087499514545,8.860414399401941,0.1,0.16877500674367668,11.891144019879967,9.543149769591864,0.0,0.0,0.0,0.0,False
working_memory,404,2,330,82,3000.0,0.18271288684708334,11.734101139905833,9.451580883910994,0.1,0.2871821095408863,11.323232272636403,9.030894892704493,0.55,0.45,0.313390580885464,11.140280396925471,8.909393840753696,0.0,0.0,0.1,0.2871821095408863,11.323232272636403,9.030894892704493,0.55,0.45,0.313390580885464,11.140280396925471,8.909393840753696,0.1,0.2871821095408863,11.323232272636403,9.030894892704493,0.0,0.0,0.0,0.0,False
working_memory,404,3,330,82,3000.0,0.1594716366238043,10.802189236115426,8.653017574592688,0.1,0.3540429333825693,10.528157101945526,8.298586814239606,0.7,0.3,0.3621183539372189,10.117968656360857,7.867210903662291,0.0,0.0,0.1,0.3540429333825693,10.528157101945526,8.298586814239606,0.7,0.3,0.3621183539372189,10.117968656360857,7.867210903662291,0.1,0.3540429333825693,10.528157101945526,8.298586814239606,0.0,0.0,0.0,0.0,False
working_memory,404,4,330,82,3000.0,0.20456708840515844,11.783824475711148,9.838377957116984,0.1,0.3809139055000631,10.97784299157684,9.421192761956576,0.6,0.4,0.36798754691429747,11.066074300934865,9.491523342274258,0.0,0.0,1.0,0.29753369115082906,11.514344115846876,9.84853038769413,0.75,0.25,0.30626335353090783,11.475539290360503,9.80860243286282,1.0,0.29753369115082906,11.514344115846876,9.84853038769413,-0.08338021434923404,-0.061724193383389636,0.0,0.0,False
fluid_intelligence,101,0,329,83,3000.0,0.33784676562052923,4.449610073674069,3.735528695409894,0.1,0.30830016863441867,4.638465941767569,3.9011689476929168,0.3,0.7,0.4080371543507232,4.300286460687374,3.6168630683724046,0.5,0.0,1.0,0.33296977617029755,4.4506127386468215,3.6993546470779206,0.45,0.55,0.4204311517346804,4.311165385618152,3.6529695214510616,1.0,0.3421407481021558,4.444695100950171,3.6867614639380553,0.02466960753587888,0.01239399738395719,-0.00917097193185823,-0.0046662574666403445,True
fluid_intelligence,101,1,329,83,3000.0,0.43245469443209156,4.307279185742216,3.7312270924452795,0.1,0.1832660822893269,5.090340898507106,4.307015732234745,0.45,0.55,0.36631148119177825,4.459851916538379,3.9206257791248844,0.0,0.0,0.1,0.1832660822893269,5.090340898507106,4.307015732234745,0.45,0.55,0.36631148119177825,4.459851916538379,3.9206257791248844,0.1,0.1832660822893269,5.090340898507106,4.307015732234745,0.0,0.0,0.0,0.0,False
fluid_intelligence,101,2,330,82,3000.0,0.33506208973505225,4.929834169205717,4.1792365864554295,0.1,0.19537801008158448,5.374031327947972,4.5336982233070735,0.2,0.8,0.3671883409441512,4.867731894059726,4.164359468332647,0.0,0.0,0.1,0.19537801008158448,5.374031327947972,4.5336982233070735,0.2,0.8,0.3671883409441512,4.867731894059726,4.164359468332647,0.1,0.19537801008158448,5.374031327947972,4.5336982233070735,0.0,0.0,0.0,0.0,False
fluid_intelligence,101,3,330,82,3000.0,0.3216971063783236,4.380589199287102,3.688680812433163,0.1,0.15115213469277902,5.021799428715095,3.876391115270441,0.25,0.75,0.31665070206848767,4.378001321114025,3.6263248622212365,0.0,0.0,0.1,0.15115213469277902,5.021799428715095,3.876391115270441,0.25,0.75,0.31665070206848767,4.378001321114025,3.6263248622212365,0.1,0.15115213469277902,5.021799428715095,3.876391115270441,0.0,0.0,0.0,0.0,False
fluid_intelligence,101,4,330,82,3000.0,0.16658570746721424,5.169695124623616,4.3340567511493395,0.1,0.02583415748680365,5.596109586682027,4.721766658781086,0.4,0.6,0.152106866236484,5.139673520503417,4.362282057400203,0.0,0.0,0.1,0.02583415748680365,5.596109586682027,4.721766658781086,0.4,0.6,0.152106866236484,5.139673520503417,4.362282057400203,0.1,0.02583415748680365,5.596109586682027,4.721766658781086,0.0,0.0,0.0,0.0,False
fluid_intelligence,202,0,329,83,3000.0,0.3202026874132215,4.355173447289994,3.708362851565048,0.1,0.21734575233844142,4.726751961490637,3.9771803893634696,0.25,0.75,0.36093115528318115,4.2696623173136725,3.660467762042151,0.0,0.0,0.1,0.21734575233844142,4.726751961490637,3.9771803893634696,0.25,0.75,0.36093115528318115,4.2696623173136725,3.660467762042151,0.1,0.21734575233844142,4.726751961490637,3.9771803893634696,0.0,0.0,0.0,0.0,False
fluid_intelligence,202,1,329,83,3000.0,0.41136600617712743,4.619685875127576,3.8139739683742313,0.1,0.14631909897093837,5.290485609638431,4.302937306336692,0.45,0.55,0.3287731894744974,4.776960552025954,3.931355289650551,0.0,0.0,0.1,0.14631909897093837,5.290485609638431,4.302937306336692,0.45,0.55,0.3287731894744974,4.776960552025954,3.931355289650551,0.1,0.14631909897093837,5.290485609638431,4.302937306336692,0.0,0.0,0.0,0.0,False
fluid_intelligence,202,2,330,82,3000.0,0.23785049058374544,4.463082517406877,3.655980277610281,0.1,0.25591730073940644,4.561787459470459,3.8832819351516226,0.2,0.8,0.2773965538767116,4.347206321477025,3.621940790497522,0.0,0.0,0.1,0.25591730073940644,4.561787459470459,3.8832819351516226,0.2,0.8,0.2773965538767116,4.347206321477025,3.621940790497522,0.1,0.25591730073940644,4.561787459470459,3.8832819351516226,0.0,0.0,0.0,0.0,False
fluid_intelligence,202,3,330,82,3000.0,0.4415330273013881,4.909630995302342,4.0416691512172624,0.1,0.3590869096117487,5.11692196453169,4.279299055915626,0.1,0.9,0.4800159512979356,4.841061665349619,3.979231585785742,0.0,0.0,0.1,0.3590869096117487,5.11692196453169,4.279299055915626,0.1,0.9,0.4800159512979356,4.841061665349619,3.979231585785742,0.1,0.3590869096117487,5.11692196453169,4.279299055915626,0.0,0.0,0.0,0.0,False
fluid_intelligence,202,4,330,82,3000.0,0.4165592931441225,4.509689020602644,3.824315068275119,0.1,0.20434139364310064,5.0801173458392315,4.347497728135028,0.3,0.7,0.4167563922309685,4.5163673159146285,3.930060092640715,0.5,0.0,1.0,0.16768296866697613,4.9098551878450625,4.287076555263792,0.5,0.5,0.38967144638591894,4.595720796377949,4.000994204878234,1.0,0.18386355280253394,4.879617222353568,4.258627928936868,-0.03665842497612451,-0.027084945845049557,-0.016180584135557813,-0.016239143891316365,True
fluid_intelligence,303,0,329,83,3000.0,0.19966859259439165,4.633569814249129,3.8520032883167614,0.1,0.21260379858277134,4.671975157967984,3.797380590508451,0.2,0.8,0.22600575514837032,4.521022394097462,3.7538474846076197,0.0,0.0,0.1,0.21260379858277134,4.671975157967984,3.797380590508451,0.2,0.8,0.22600575514837032,4.521022394097462,3.7538474846076197,0.1,0.21260379858277134,4.671975157967984,3.797380590508451,0.0,0.0,0.0,0.0,False
fluid_intelligence,303,1,329,83,3000.0,0.4579353662548522,4.8886367082290185,4.07268231584114,0.1,0.38113176892366374,5.063296776520813,4.298771243682377,0.4,0.6,0.5129911406488037,4.779516888091306,4.022742979627177,0.0,0.0,1.0,0.3348447678108738,5.1508444782660865,4.44629356887819,0.55,0.45,0.48992442760569943,4.949235304424206,4.237006922373538,1.0,0.3348447678108738,5.1508444782660865,4.44629356887819,-0.04628700111278994,-0.02306671304310426,0.0,0.0,False
fluid_intelligence,303,2,330,82,1000.0,0.3580734904791165,4.357513041603256,3.88644229663528,0.1,0.10384081573225634,5.146607268283843,4.2554042708494615,0.4,0.6,0.28207810633122626,4.487773328453312,3.9434073389320736,0.0,0.0,0.1,0.10384081573225634,5.146607268283843,4.2554042708494615,0.4,0.6,0.28207810633122626,4.487773328453312,3.9434073389320736,0.1,0.10384081573225634,5.146607268283843,4.2554042708494615,0.0,0.0,0.0,0.0,False
fluid_intelligence,303,3,330,82,1000.0,0.40252962297184325,4.436939248164439,3.7218857041205116,0.1,0.3748066347210156,4.569115962992445,3.799262540307677,0.35,0.65,0.4893133279212508,4.306108680205866,3.6993130290648337,0.25,0.0,0.1,0.3542516793647293,4.6284901058525785,3.852025627575327,0.4,0.6,0.4859410704462778,4.3190247101085095,3.71787497886021,0.1,0.3748066347210156,4.569115962992445,3.799262540307677,-0.02055495535628632,-0.003372257474972995,-0.02055495535628632,-0.007567561830489233,True
fluid_intelligence,303,4,330,82,3000.0,0.4279339101402196,4.634794578440855,3.7075682905362624,1.0,0.38307223768508614,4.81025233966348,3.9380961180934055,0.1,0.9,0.44556614957804297,4.613260095613113,3.7111917975883473,0.0,0.0,1.0,0.38307223768508614,4.81025233966348,3.9380961180934055,0.1,0.9,0.44556614957804297,4.613260095613113,3.7111917975883473,1.0,0.38307223768508614,4.81025233966348,3.9380961180934055,0.0,0.0,0.0,0.0,False
fluid_intelligence,404,0,329,83,0.001,0.29259998247675645,4.998180788980156,4.050367779563574,0.1,0.22755924714292003,5.152784791093529,4.26831697761361,0.35,0.65,0.33947771556130946,4.791612259462258,3.9497806010301564,0.0,0.0,0.1,0.22755924714292003,5.152784791093529,4.26831697761361,0.35,0.65,0.33947771556130946,4.791612259462258,3.9497806010301564,0.1,0.22755924714292003,5.152784791093529,4.26831697761361,0.0,0.0,0.0,0.0,False
fluid_intelligence,404,1,329,83,3000.0,0.5577390068561252,4.100189535722134,3.519108736956009,0.1,0.25717000786371425,4.92920826953187,4.1073246688828675,0.3,0.7,0.5415112252059784,4.160590302909537,3.6184748276553944,0.0,0.0,0.1,0.25717000786371425,4.92920826953187,4.1073246688828675,0.3,0.7,0.5415112252059784,4.160590302909537,3.6184748276553944,0.1,0.25717000786371425,4.92920826953187,4.1073246688828675,0.0,0.0,0.0,0.0,False
fluid_intelligence,404,2,330,82,3000.0,0.3047602871746578,4.395818772022907,3.639387849080469,0.1,0.2159112458408522,4.700291433443323,3.672051386607588,0.25,0.75,0.3507355299592883,4.2981982502818115,3.521308371221862,0.0,0.0,0.1,0.2159112458408522,4.700291433443323,3.672051386607588,0.25,0.75,0.3507355299592883,4.2981982502818115,3.521308371221862,0.1,0.2159112458408522,4.700291433443323,3.672051386607588,0.0,0.0,0.0,0.0,False
fluid_intelligence,404,3,330,82,0.001,0.37526046150225256,4.442888611576046,3.7945717777571355,0.1,0.282974883951126,4.746475572445382,3.8760725671146536,0.4,0.6,0.41836658235599783,4.312538118806009,3.696725786737063,0.0,0.0,0.1,0.282974883951126,4.746475572445382,3.8760725671146536,0.4,0.6,0.41836658235599783,4.312538118806009,3.696725786737063,0.1,0.282974883951126,4.746475572445382,3.8760725671146536,0.0,0.0,0.0,0.0,False
fluid_intelligence,404,4,330,82,3000.0,0.417449942796453,4.702537645309819,3.869257041771531,0.1,0.2519124317183541,5.1325974497327875,4.207889112775678,0.3,0.7,0.4423710857911074,4.681391582661437,3.8636241669602143,0.25,0.0,1.0,0.24014582587235828,5.059313131998298,4.2102256801445845,0.45,0.55,0.43732862776398246,4.761015418527336,3.956340822028282,1.0,0.2448037328539271,5.05399553682598,4.216341679122729,-0.011766605845995814,-0.005042458027124941,-0.004657906981568816,-0.0036898707107177464,True
