target,condition,condition_display,seed,fp_pearson,fp_rmse,fp_mae,sc_pearson,sc_rmse,sc_mae,fused_pearson,fused_rmse,fused_mae,equal_weight_pearson,equal_weight_rmse,equal_weight_mae
working_memory,R0,Same-solver no prior,0,0.26574074388043395,11.668866993806587,9.52341792739802,0.1545590367290333,11.989127433718954,9.672281473511477,0.27805949200912916,11.268764793560308,9.204182294742552,0.27294317939672075,11.195505633565357,9.132692829542393
working_memory,R0,Same-solver no prior,1,0.29374698082805784,11.361591064738093,9.258097664522115,0.12737921740403083,12.136407817169195,9.869711657689097,0.26122625011777784,11.287734911244621,9.277823848777583,0.26724377714588854,11.165299766158755,9.181613770830847
working_memory,R0,Same-solver no prior,2,0.3049092074407823,11.386266679453874,9.311375063748553,0.1526215476431127,11.966425473301573,9.757997439399128,0.305828348776284,11.15362154853683,9.07227124864566,0.2979594273188019,11.045324040100127,9.039262565511494
working_memory,R0,Same-solver no prior,3,0.2805636766524103,11.417212495922927,9.364522514133208,0.12821697770748955,12.095668314237844,9.846121181207772,0.2865453913302085,11.108622915981787,9.048135349962603,0.26215688149516625,11.158971039612066,9.127171675170658
working_memory,R0,Same-solver no prior,4,0.24689809569689397,11.412278443376252,9.278921642962032,0.11878365017151786,12.179381386690823,9.925331959849084,0.2601853858557382,11.171367098036033,9.089603439663495,0.2320636760778128,11.231761545171011,9.1717799284521
working_memory,R0,Same-solver no prior,5,0.25313444026797594,11.916015049763043,9.571883135805027,0.05664177150729708,12.590692734311466,10.182680268836402,0.19377912110713919,11.720015114888096,9.503750749884226,0.20128563037280406,11.555650746618863,9.407700722317646
working_memory,R0,Same-solver no prior,6,0.24818902445944416,11.48952830942109,9.420015836407176,0.14471254944053175,11.986849428565568,9.685772726422934,0.2325919074620618,11.391746685199681,9.286846419591395,0.2554162260076901,11.147393268565919,9.080827402433647
working_memory,R0,Same-solver no prior,7,0.27139459079143735,11.400862198152979,9.323924991426301,0.08728795967208323,12.385968857526839,9.996111927014642,0.2583498077236942,11.237600300530467,9.152379588849168,0.24217615305070953,11.257494103994944,9.189621972456262
working_memory,R0,Same-solver no prior,8,0.29430814436658215,11.545745846519043,9.324668664463793,0.18245715244138277,11.732377737477398,9.534447066774382,0.2959315459576896,11.301014987427,9.192760805799416,0.3098704587208937,10.893709493781014,8.908879776593713
working_memory,R0,Same-solver no prior,9,0.29234515772811037,11.673545388887224,9.235736213582662,0.16708868690793033,11.923376616807912,9.638328762013668,0.2626504855627122,11.288721671705506,9.134341677176176,0.30450731584663854,11.062580652072887,8.928488834205751
working_memory,R1,Anisotropy only,0,0.2463570123855779,11.708936001636136,9.475540959362196,0.1545590367290333,11.989127433718954,9.672281473511477,0.2603106385993172,11.367000574873481,9.232392287593026,0.24728489513552976,11.333440483180993,9.218771259462919
working_memory,R1,Anisotropy only,1,0.28863166414790903,11.124692655985566,9.082502195209038,0.12737921740403083,12.136407817169195,9.869711657689097,0.26319084733375153,11.098717151074336,9.127508798126794,0.25056448180095436,11.123030254854829,9.157915210919212
working_memory,R1,Anisotropy only,2,0.29305718098362993,11.529474038095696,9.36058215225528,0.1526215476431127,11.966425473301573,9.757997439399128,0.2923432811099648,11.274531757376606,9.134925749874181,0.27538173113681647,11.148876224288717,9.08325555450467
working_memory,R1,Anisotropy only,3,0.29839021259090936,11.10938808074297,9.027162287393002,0.12821697770748955,12.095668314237844,9.846121181207772,0.2859527591833177,10.995968943899154,8.924151897809516,0.26564608686726326,11.051585000824339,9.035716877992002
working_memory,R1,Anisotropy only,4,0.24855196768837481,11.286612349751568,9.165654167287197,0.11878365017151786,12.179381386690823,9.925331959849084,0.24582735433887568,11.21749777376851,9.10504858567759,0.21792291965453287,11.27545007377982,9.21435227933718
working_memory,R1,Anisotropy only,5,0.24753810595171943,11.738247294524232,9.349081156160935,0.05664177150729708,12.590692734311466,10.182680268836402,0.19209686249129815,11.678066791670894,9.438970063153636,0.19177480631458618,11.55718451162998,9.39732934686607
working_memory,R1,Anisotropy only,6,0.26675252432290775,11.040801233681684,8.953888659981944,0.14471254944053175,11.986849428565568,9.685772726422934,0.23447979166066424,11.134265861410936,9.0371746714324,0.24190581053540897,11.111537002196801,9.053856211619335
working_memory,R1,Anisotropy only,7,0.28285307924403086,11.206760001739237,9.099148169184163,0.08728795967208323,12.385968857526839,9.996111927014642,0.25400761611533007,11.176422057192493,9.100550148591532,0.2221476801141616,11.28035077050539,9.207701213231383
working_memory,R1,Anisotropy only,8,0.31784538924710815,10.878379592045395,8.745326083336597,0.18245715244138277,11.732377737477398,9.534447066774382,0.30281421944070847,10.879214631782606,8.916537493042485,0.31551140018467716,10.83855312617336,8.853376215072272
working_memory,R1,Anisotropy only,9,0.2843524909627638,11.504555052129287,9.202950473460644,0.16708868690793033,11.923376616807912,9.638328762013668,0.2471581593454745,11.452019416895848,9.303301072398538,0.28191464426632634,11.105792997078776,8.988987815721416
working_memory,R2,Network penalty only,0,0.2617397932620785,11.939504654078428,9.730524321461512,0.1545590367290333,11.989127433718954,9.672281473511477,0.2695309285932112,11.441940388235743,9.334591661923785,0.2719153513028145,11.276684509003749,9.188655242413088
working_memory,R2,Network penalty only,1,0.2850769539245136,11.47284011801627,9.28576371126974,0.12737921740403083,12.136407817169195,9.869711657689097,0.254947715509606,11.316995848355859,9.268997761164261,0.26286116581014407,11.193878717431463,9.178843967906062
working_memory,R2,Network penalty only,2,0.3071511752637033,11.394198549755048,9.32068923958793,0.1526215476431127,11.966425473301573,9.757997439399128,0.3043579591344499,11.126930878137667,9.031049368531802,0.3002017355679252,11.021713727444162,9.007729697650767
working_memory,R2,Network penalty only,3,0.2948646772035285,11.45689145905807,9.395066908078418,0.12821697770748955,12.095668314237844,9.846121181207772,0.2987510546524904,11.00720772204725,8.92170128717314,0.2811175385201946,11.054976353101408,9.01304379358436
working_memory,R2,Network penalty only,4,0.23793275536178657,11.697879101337955,9.553062193401896,0.11878365017151786,12.179381386690823,9.925331959849084,0.24756742321510225,11.360075774713902,9.244160300855222,0.22716587552835707,11.305557090860098,9.24044020188891
working_memory,R2,Network penalty only,5,0.24444532668494623,12.086628128425165,9.694067005121004,0.05664177150729708,12.590692734311466,10.182680268836402,0.1956279721585703,11.753077680372034,9.490225816094707,0.20208912495999334,11.565256356824474,9.40733153138029
working_memory,R2,Network penalty only,6,0.24444870536799862,11.641955000314988,9.517295333353765,0.14471254944053175,11.986849428565568,9.685772726422934,0.2341837084896054,11.507721836872996,9.359555331210291,0.25335352875948036,11.207998043758314,9.140111692049484
working_memory,R2,Network penalty only,7,0.2765063193808697,11.522539979461754,9.386697578985217,0.08728795967208323,12.385968857526839,9.996111927014642,0.2585982837718486,11.319514418242516,9.190583952606715,0.24978533748621498,11.264719104044854,9.170157415704168
working_memory,R2,Network penalty only,8,0.2998234669308858,11.421923535627196,9.200385995849496,0.18245715244138277,11.732377737477398,9.534447066774382,0.2976018935384075,11.266897660075198,9.136987474590896,0.3129920518774264,10.86886290816797,8.874901053353295
working_memory,R2,Network penalty only,9,0.29745369745956385,11.38326843862164,9.035316259725736,0.16708868690793033,11.923376616807912,9.638328762013668,0.27547515241437465,11.143244058213929,9.039405522233704,0.305891827973816,11.014585165063115,8.908945496034274
working_memory,R3,Full PALF,0,0.2451484614108555,12.062395914494694,9.800792879271434,0.1545590367290333,11.989127433718954,9.672281473511477,0.25000675087035745,11.553311330377571,9.41356684015292,0.25381591277845894,11.384674346410215,9.28241214097245
working_memory,R3,Full PALF,1,0.26732469855210905,11.470205530571608,9.199995577815807,0.12737921740403083,12.136407817169195,9.869711657689097,0.2499177012865465,11.273126100184754,9.15361800274377,0.2506979418355655,11.20146214028181,9.132369232221887
working_memory,R3,Full PALF,2,0.32136158708342377,11.29445796592331,9.183938968408317,0.1526215476431127,11.966425473301573,9.757997439399128,0.3182067445541613,11.050381122096855,8.968189208421009,0.30766310697218496,11.009935646463424,9.043201317947647
working_memory,R3,Full PALF,3,0.29164510232653995,11.454151398102203,9.356316567385488,0.12821697770748955,12.095668314237844,9.846121181207772,0.28905969554028343,11.132660230484275,8.988817184237721,0.26659116528054166,11.153826246673692,9.068165728319524
working_memory,R3,Full PALF,4,0.25128045571341157,11.316633352826884,9.15877647069034,0.11878365017151786,12.179381386690823,9.925331959849084,0.2654620756538201,11.127503279739534,9.012953025501531,0.24055013470055386,11.203439823085635,9.126425607861112
working_memory,R3,Full PALF,5,0.23829141573864,11.95646442064012,9.540404359367452,0.05664177150729708,12.590692734311466,10.182680268836402,0.176103700829968,11.830505610936175,9.52490139305189,0.1939041029316024,11.550910502825973,9.370265519653417
working_memory,R3,Full PALF,6,0.2750715925435632,11.357022841899832,9.255737167194342,0.14471254944053175,11.986849428565568,9.685772726422934,0.24975130925268818,11.215377954783818,9.099429823370617,0.25670920862820334,11.113701103281642,9.016249428912623
working_memory,R3,Full PALF,7,0.28168680496174164,11.169958854606781,9.097846229568265,0.08728795967208323,12.385968857526839,9.996111927014642,0.2652712193972536,11.105972112814836,9.05495261295163,0.23519710363513918,11.221933465350697,9.156283541551376
working_memory,R3,Full PALF,8,0.3234484376508557,11.11059124786054,8.82825409114454,0.18245715244138277,11.732377737477398,9.534447066774382,0.30446497094894365,11.14334308648995,9.024141609565143,0.31663439974781704,10.822826543578472,8.831669466689641
working_memory,R3,Full PALF,9,0.2865541112459148,11.537664853693549,9.19841761228293,0.16708868690793033,11.923376616807912,9.638328762013668,0.2567533528795475,11.318852104087188,9.205503130509168,0.28886692900014116,11.089804122118114,8.961872044663505
fluid_intelligence,R0,Same-solver no prior,0,0.21249781783968102,4.979416064233492,4.122232648348101,0.3620121335899672,4.62154437281057,3.7770702322919605,0.37557260244286034,4.535225493491794,3.7593923678696997,0.36706548198836175,4.561788515565768,3.803865533469181
fluid_intelligence,R0,Same-solver no prior,1,0.2384731827805974,4.959095029712488,4.192746812219143,0.33607779628559686,4.695048806141758,3.852693233049821,0.34459300984927027,4.635884270636216,3.850701241775274,0.3703316151291375,4.581786699940657,3.8581735904924166
fluid_intelligence,R0,Same-solver no prior,2,0.24016840271008824,4.941610163463833,4.151290649082352,0.3784823211357158,4.5928199499156435,3.7646894666522974,0.4036322586183549,4.501720764592184,3.749406566370039,0.39469972558582944,4.530047262740467,3.8167768503806676
fluid_intelligence,R0,Same-solver no prior,3,0.20323982359210616,4.86763818425411,4.100586710193161,0.32760127202350914,4.708466792905002,3.834383491416591,0.34274501749661423,4.627873516353316,3.7976189210864044,0.3468305206460102,4.602259446296065,3.8432855527073877
fluid_intelligence,R0,Same-solver no prior,4,0.22951880640837447,4.862176991389735,4.050782879302668,0.35088912639939845,4.643919353523344,3.826758546751492,0.36746625104437325,4.569414806236046,3.7935195677345077,0.37986528314999457,4.5355864995794155,3.8158112061624494
fluid_intelligence,R0,Same-solver no prior,5,0.220348637099076,4.941852259319502,4.036434423763597,0.34703719162647617,4.662324024688283,3.8109217376321993,0.37012113748568504,4.568173582511649,3.7902465885781047,0.36766508469389886,4.569552456994954,3.8136574872222937
fluid_intelligence,R0,Same-solver no prior,6,0.20954980727089695,4.908858764494573,4.130780420940701,0.3621919414565111,4.612943940034265,3.7957606329021303,0.37781763057728973,4.529032798304348,3.7651800237992434,0.3729371070584392,4.537479062660545,3.8088419858013802
fluid_intelligence,R0,Same-solver no prior,7,0.19892213143469845,5.158179262553192,4.297067367768579,0.35389476869857084,4.6514411123257275,3.824191022591151,0.36326975166406483,4.566521987375254,3.7849357122598706,0.3385387015054582,4.64167944029326,3.865870468491294
fluid_intelligence,R0,Same-solver no prior,8,0.1860069423727907,5.025302403625017,4.151243457609679,0.35144853024421724,4.686512143145173,3.872732756020117,0.3461928625559406,4.639234164766112,3.850415611470855,0.3486074929534333,4.628403095199635,3.865912319193163
fluid_intelligence,R0,Same-solver no prior,9,0.22715988333254913,4.974922144734719,4.107130080539007,0.40172957265307047,4.55476751260316,3.7428414226453435,0.4177628279611506,4.493810552319114,3.7451683007558287,0.4130414144191142,4.506488903903548,3.767760181547388
fluid_intelligence,R1,Anisotropy only,0,0.21633335229255968,5.01571464766919,4.163996616479066,0.3620121335899672,4.62154437281057,3.7770702322919605,0.3730560673763994,4.54122887300002,3.756039010510449,0.3625840615955096,4.575771767840402,3.8228713544320847
fluid_intelligence,R1,Anisotropy only,1,0.2686202840229071,4.918114007236064,4.189441671159711,0.33607779628559686,4.695048806141758,3.852693233049821,0.3438589668677797,4.6590886460423375,3.8682691203223016,0.3760526497561135,4.584463349621188,3.8647450980434
fluid_intelligence,R1,Anisotropy only,2,0.2359553683589027,4.9659564119177935,4.166610795841229,0.3784823211357158,4.5928199499156435,3.7646894666522974,0.39673846825464076,4.519216404534086,3.736399188879207,0.3887309489018703,4.540484293697565,3.824772686518802
fluid_intelligence,R1,Anisotropy only,3,0.22890411488857937,4.797723568924275,4.043601217298778,0.32760127202350914,4.708466792905002,3.834383491416591,0.34500733836239117,4.626846649306606,3.7802464753245375,0.3578153844431748,4.574618325180918,3.8355052738854085
fluid_intelligence,R1,Anisotropy only,4,0.23934315383646787,4.992353247997829,4.135413032993431,0.35088912639939845,4.643919353523344,3.826758546751492,0.34646569844865704,4.618592966565419,3.8156464265564325,0.3620263642187708,4.577982048409352,3.8429458535449257
fluid_intelligence,R1,Anisotropy only,5,0.2540967721957983,4.911369076580329,4.034814046929414,0.34703719162647617,4.662324024688283,3.8109217376321993,0.3629459116254279,4.576292154261543,3.7945608071859427,0.3731276290626605,4.5649518280350385,3.819093093289806
fluid_intelligence,R1,Anisotropy only,6,0.2412848908330801,4.914548471781887,4.12238300601315,0.3621919414565111,4.612943940034265,3.7957606329021303,0.38021061706829296,4.535626901471454,3.760366090083938,0.3808314594707073,4.527847103481996,3.799342114070805
fluid_intelligence,R1,Anisotropy only,7,0.21621772022835078,5.232764436193857,4.34589272661007,0.35389476869857084,4.6514411123257275,3.824191022591151,0.36704505507165097,4.567802983946767,3.7882179616280474,0.3395721612358647,4.6557344534350396,3.871278909699835
fluid_intelligence,R1,Anisotropy only,8,0.20052386592475013,5.057303210485066,4.144696552650465,0.35144853024421724,4.686512143145173,3.872732756020117,0.3453442496509476,4.652790708072585,3.8500349498820854,0.3526135681378392,4.630402518253429,3.844532016551664
fluid_intelligence,R1,Anisotropy only,9,0.23766777754385376,4.8042794431711435,4.024820144094732,0.40172957265307047,4.55476751260316,3.7428414226453435,0.41776669750544615,4.474818425018139,3.7300395762035414,0.41479162977735246,4.490457413239048,3.767986461583118
fluid_intelligence,R2,Network penalty only,0,0.21238604269680866,4.972715723373705,4.118962463429952,0.3620121335899672,4.62154437281057,3.7770702322919605,0.3735147821533201,4.541036701914554,3.764737388452393,0.36743995822271147,4.559966662886654,3.803376919510753
fluid_intelligence,R2,Network penalty only,1,0.22587120286944073,5.001080063991587,4.191418000629885,0.33607779628559686,4.695048806141758,3.852693233049821,0.34336790317086263,4.640684276438234,3.8493390408184176,0.3622165562583291,4.58976483796951,3.8425743453508057
fluid_intelligence,R2,Network penalty only,2,0.2421053277531157,4.931247840342813,4.143558963053071,0.3784823211357158,4.5928199499156435,3.7646894666522974,0.40443886072788987,4.499857664759614,3.7473045779376286,0.3964885971109243,4.52612355973082,3.8130285829730246
fluid_intelligence,R2,Network penalty only,3,0.19787786166969318,4.874201913693286,4.109229098624096,0.32760127202350914,4.708466792905002,3.834383491416591,0.3432581446409618,4.631313631726811,3.7979664168386025,0.3450815269338185,4.605863642985464,3.8478465756555713
fluid_intelligence,R2,Network penalty only,4,0.22467872683321652,4.9394609459672925,4.089973912380515,0.35088912639939845,4.643919353523344,3.826758546751492,0.36054687368524163,4.58844883114035,3.8059203251646685,0.3693255959268378,4.5500702977355845,3.8155467508050216
fluid_intelligence,R2,Network penalty only,5,0.22023112486234614,4.936379681561323,4.032493875749838,0.34703719162647617,4.662324024688283,3.8109217376321993,0.36992659053777566,4.566253288033307,3.7904452362591834,0.3675133725464984,4.569193239417032,3.8114610738797388
fluid_intelligence,R2,Network penalty only,6,0.2011359469933888,4.9144610520184315,4.129535780102326,0.3621919414565111,4.612943940034265,3.7957606329021303,0.37662984825893736,4.534330570913437,3.767621795915862,0.3713726895347438,4.5411026923173,3.8087039297149827
fluid_intelligence,R2,Network penalty only,7,0.2070104173650968,4.99542266657731,4.170464744891032,0.35389476869857084,4.6514411123257275,3.824191022591151,0.37005631159976726,4.552217133147704,3.77756895186373,0.35135578441150184,4.593510620582234,3.841553562423596
fluid_intelligence,R2,Network penalty only,8,0.18099476003367315,5.032028333287194,4.1570157875252,0.35144853024421724,4.686512143145173,3.872732756020117,0.3431534314645789,4.642636173939161,3.8537144373899914,0.34642637115830227,4.631200675508214,3.8684633301435283
fluid_intelligence,R2,Network penalty only,9,0.22296095562175103,4.980231881200282,4.122361995290606,0.40172957265307047,4.55476751260316,3.7428414226453435,0.4182007531995667,4.491306689114594,3.7460923090533926,0.41138977881841965,4.510137795806813,3.7752708681552556
fluid_intelligence,R3,Full PALF,0,0.21692381117798248,4.989384130317566,4.156213262243366,0.3620121335899672,4.62154437281057,3.7770702322919605,0.3723431448993256,4.54174907823141,3.769603864018346,0.36397088652429593,4.568207357186958,3.8209280863232484
fluid_intelligence,R3,Full PALF,1,0.24434022958064866,5.011944066946413,4.210054163760502,0.33607779628559686,4.695048806141758,3.852693233049821,0.3438194451306792,4.645030622670528,3.849290010725935,0.35936208153849597,4.599882062352094,3.857243552314184
fluid_intelligence,R3,Full PALF,2,0.24447127652042872,4.917999905465775,4.132785062180753,0.3784823211357158,4.5928199499156435,3.7646894666522974,0.3964566940372961,4.5158433336066635,3.7301554072724734,0.3959699313472742,4.522863262724081,3.8127719253388763
fluid_intelligence,R3,Full PALF,3,0.20957890839287185,4.91158910914437,4.105438005738552,0.32760127202350914,4.708466792905002,3.834383491416591,0.34393099340023653,4.629744166256099,3.7912634211175087,0.34384525962214946,4.611669276338616,3.8523631709302704
fluid_intelligence,R3,Full PALF,4,0.23770049404420387,4.857990247123588,4.0723746335987245,0.35088912639939845,4.643919353523344,3.826758546751492,0.35869657363698826,4.5819904762981,3.8044520137347524,0.3716186634342876,4.541615813061211,3.8344514340932405
fluid_intelligence,R3,Full PALF,5,0.22938938251564517,4.942120875412781,4.058487484678517,0.34703719162647617,4.662324024688283,3.8109217376321993,0.3605802366582141,4.580055606409138,3.7959931399212294,0.3596423408229661,4.5752142015542665,3.822730453335737
fluid_intelligence,R3,Full PALF,6,0.2131530680197724,4.974492298202274,4.162312878398798,0.3621919414565111,4.612943940034265,3.7957606329021303,0.3789107695634521,4.532700202424433,3.759108993181697,0.36834434806806204,4.545207852527228,3.815536511264642
fluid_intelligence,R3,Full PALF,7,0.20557415088228223,5.117102114546084,4.240220070589399,0.35389476869857084,4.6514411123257275,3.824191022591151,0.37535963206509604,4.544622998134827,3.774394353936146,0.34827171552996206,4.610570916633316,3.8481067814221483
fluid_intelligence,R3,Full PALF,8,0.1960446453226305,5.03128744218095,4.128482854851356,0.35144853024421724,4.686512143145173,3.872732756020117,0.3441559758794248,4.646597514711924,3.849254104858099,0.35228363501605864,4.62384517537594,3.843821621957006
fluid_intelligence,R3,Full PALF,9,0.24139234733908355,4.912289191839166,4.069090377222031,0.40172957265307047,4.55476751260316,3.7428414226453435,0.4260603793225286,4.4609989263849785,3.705810132726871,0.4145086932394258,4.494220279014595,3.753707220816574
