task,seed,outer_fold,selected_candidate,selected_hyperparam,baseline_r,selected_r,delta_r,baseline_rmse,selected_rmse,baseline_mae,selected_mae,a_oof_r,b_oof_r,c_oof_r,b_best_a,c_best_lambda
working_memory,0,0,B,0.1,0.18150781171657335,0.1714678791074507,-0.010039932609122643,9.953708897125898,10.091681991619037,8.282356821465521,8.389230608108354,0.2069607224996977,0.2074341783703764,0.18676188127263904,0.1,100.0
working_memory,0,1,B,0.25,0.21011026114967962,0.19846441241711577,-0.011645848732563857,11.10745620520068,11.002507103697209,8.969329674853686,8.807764744191646,0.23814676440686255,0.23928754189534418,0.21121525103239275,0.25,100.0
working_memory,0,2,B,0.5,0.22032587855192703,0.2598980672319532,0.039572188680026155,12.108116520564563,11.855096053581379,9.190667007115003,9.148325505845753,0.3010979090438739,0.30601691050593316,0.2948224070542297,0.5,100.0
working_memory,0,3,A,0.0,0.4137912456424629,0.4137912456424629,0.0,10.42601669321304,10.42601669321304,8.961099740064574,8.961099740064574,0.1782629168043615,0.1782629168043615,0.14952759519167358,0.0,100.0
working_memory,0,4,B,0.25,0.36456226298500305,0.3702801902209411,0.005717927235938058,12.74852565169736,12.710097317961853,10.61745823021397,10.61259941967851,0.08615407272195341,0.08686523646871043,-0.011548078059955377,0.25,0.0
working_memory,1,0,B,2.0,0.44757299068149653,0.3848421121662317,-0.06273087851526482,10.046232664142096,10.42007307088242,8.538997172606766,8.597864533081907,-0.027512303050443127,0.014813880805165366,-0.12899366494182055,2.0,0.0
working_memory,1,1,B,0.5,0.09411153151249077,0.05581080868626259,-0.03830072282622818,12.205825200604622,12.072593478242654,9.948780304082451,9.845351083714178,0.29782764766280456,0.3075435383445059,0.2588585750598731,0.5,100.0
working_memory,1,2,A,0.0,0.16069440039950006,0.16069440039950006,0.0,11.679811649163742,11.679811649163742,9.942213548614829,9.942213548614829,0.2062265257365344,0.2062265257365344,0.16379375726635587,0.0,100.0
working_memory,1,3,B,0.75,0.2737362078145558,0.2951399234500997,0.021403715635543885,12.180754679081122,11.708436277648321,9.92988983966068,9.428403238920591,0.27102464447574137,0.2815071997194949,0.26819521234875043,0.75,100.0
working_memory,1,4,B,0.5,0.3300161201808461,0.2865730786056634,-0.043443041575182695,10.326050363231529,10.79883872299736,8.029238378923193,8.13751568404245,0.17380760938136663,0.1786526776230487,0.14245488158105343,0.5,100.0
working_memory,2,0,A,0.0,0.3449048637888086,0.3449048637888086,0.0,12.263145134570001,12.263145134570001,10.035475092160155,10.035475092160155,0.1956494085847023,0.1956494085847023,0.18940318170782497,0.0,100.0
working_memory,2,1,B,1.5,0.40030037107749883,0.4004551139860048,0.00015474290850597816,10.182742158248844,10.411493626153533,8.33262719642578,8.344767071753086,0.11987300095853846,0.15623106202316195,0.10815535801809595,1.5,0.0
working_memory,2,2,A,0.0,0.2654596095068341,0.2654596095068341,0.0,11.48766970606978,11.48766970606978,8.890062523351949,8.890062523351949,0.3277131866662295,0.3277131866662295,0.313945206678871,0.0,100.0
working_memory,2,3,B,0.1,0.33748399143184016,0.34453725555636877,0.007053264124528613,10.851302533135263,10.827371214215349,9.346934876075789,9.331158695294254,0.29557531824910127,0.2956379552346773,0.2616020365324131,0.1,100.0
working_memory,2,4,A,0.0,0.18099290807643845,0.18099290807643845,0.0,10.98324821066026,10.98324821066026,8.756256555214625,8.756256555214625,0.2228809560967912,0.2228809560967912,0.2074405551789881,0.0,0.0
working_memory,3,0,B,0.75,0.23732437586117705,0.2147725009438737,-0.022551874917303344,9.727672249700515,9.681099652574803,8.16314230911537,8.024314197788758,0.19210557384193178,0.20853760393058282,0.1547156548447593,0.75,100.0
working_memory,3,1,B,0.5,0.20484288032724457,0.2020785704903876,-0.002764309836856965,12.386177873783259,12.449234905295565,10.677081278832054,10.5385164996202,0.3110666705229492,0.3257339278883723,0.2935721105980206,0.5,100.0
working_memory,3,2,A,0.0,0.12917870985668647,0.12917870985668647,0.0,12.247215468820162,12.247215468820162,9.539058358942867,9.539058358942867,0.27261725561983186,0.27261725561983186,0.23908146615372403,0.0,0.0
working_memory,3,3,B,2.0,0.47564202934589095,0.45441800279886013,-0.021224026547030816,10.856475692788187,10.792528321454418,8.906200239635687,8.726247803514363,0.05567171313088877,0.10435950381844251,0.011962428301048326,2.0,0.0
working_memory,3,4,B,0.25,0.3857389612600435,0.3867483866750647,0.0010094254150212478,10.325573294816813,10.335142343651837,7.955194563287027,7.915346253749617,0.24128110279362613,0.24412885214369195,0.21083480896234946,0.25,100.0
working_memory,4,0,A,0.0,0.1748945075457591,0.1748945075457591,0.0,11.150804063387886,11.150804063387886,8.961442139752616,8.961442139752616,0.24652945228644735,0.24652945228644735,0.2301175235951949,0.0,100.0
working_memory,4,1,B,1.0,0.25750626455415765,0.2184091051626923,-0.03909715939146535,11.459856525451023,11.298047452963562,9.195748822205045,9.233612089167394,0.26911449081731387,0.3047800698909343,0.2843591265779011,1.0,0.0
working_memory,4,2,B,0.75,0.17583322405357804,0.21947593618432334,0.043642712130745304,10.756697111044419,10.671521656834678,8.897436090191787,8.838631117542592,0.20466089106099009,0.2119974327320598,0.14902982552172814,0.75,0.0
working_memory,4,3,B,0.1,0.25569590725184776,0.25459013606069425,-0.001105771191153515,11.888491834359966,11.899189009147705,9.700318922050002,9.684598737778012,0.2949443337533605,0.2951166235153705,0.2643871688833174,0.1,100.0
working_memory,4,4,B,0.75,0.43699702587334827,0.4286572697544879,-0.008339756118860342,10.60098595593687,10.5691203908772,8.693071224118025,8.570585963166698,0.10599335386671929,0.134134022295872,0.09586061527307482,0.75,0.0
working_memory,5,0,B,0.5,0.1002181326277603,0.11275033835309145,0.012532205725331147,12.392287435612069,12.450698453351501,9.77840063719551,9.804331844551557,0.2293731127424902,0.2322326054980813,0.19375819182709947,0.5,100.0
working_memory,5,1,A,0.0,0.25884253526798146,0.25884253526798146,0.0,11.725447336413136,11.725447336413136,9.699436345535581,9.699436345535581,0.13719906785657177,0.13719906785657177,0.11471344919577715,0.0,100.0
working_memory,5,2,B,1.0,0.1140180194706593,0.13901147566273586,0.02499345619207656,11.903847309009526,10.92464253952404,9.490795740872207,8.558535839346073,0.22889557381522785,0.2611976631384735,0.2265470856178166,1.0,100.0
working_memory,5,3,A,0.0,0.2604621117237646,0.2604621117237646,0.0,11.369105698814476,11.369105698814476,9.254261656987532,9.254261656987532,0.21026634810679196,0.21026634810679196,0.17404492747204756,0.0,100.0
working_memory,5,4,B,1.0,0.23535480644553022,0.1978896759745129,-0.03746513047101732,11.20938779459127,11.563362471544272,9.295859368830302,9.561971793760131,0.2388522437939682,0.25527111445334216,0.22331963108877653,1.0,0.0
working_memory,6,0,A,0.0,0.2383816157089057,0.2383816157089057,0.0,11.630400757162866,11.630400757162866,9.568786693516971,9.568786693516971,0.2855199565732895,0.2855199565732895,0.24229911766100326,0.0,10.0
working_memory,6,1,B,0.25,0.23833166883818055,0.25112144475994974,0.012789775921769192,10.41182888069366,10.374646134617338,8.468117052201684,8.422625738916254,0.18377488340449924,0.18457601347018543,0.10929538533688596,0.25,100.0
working_memory,6,2,A,0.0,0.03398938164578124,0.03398938164578124,0.0,12.762084709882313,12.762084709882313,10.827677709515381,10.827677709515381,0.29317807082459035,0.29317807082459035,0.27569289668227376,0.0,100.0
working_memory,6,3,A,0.0,0.3433784879253558,0.3433784879253558,0.0,10.272983197965043,10.272983197965043,7.864235359861151,7.864235359861151,0.29215599509343587,0.29215599509343587,0.2660691560286265,0.0,100.0
working_memory,6,4,B,1.5,0.3088783831920857,-0.11118455036208356,-0.4200629335541693,11.881435880294521,14.175822937745597,9.705415282861791,11.460340111807426,0.10801886021784197,0.1420701524573454,0.11851591408020265,1.5,0.0
working_memory,7,0,B,2.0,0.22310314792111535,0.24865806719365563,0.025554919272540277,11.686917002707007,11.68434263506716,9.049373560836381,8.844904058123225,0.1754339463218518,0.2112867969582277,0.17089638853181124,2.0,100.0
working_memory,7,1,B,1.0,0.29027705660225195,0.2470089607327114,-0.04326809586954056,10.326477776057551,10.167881816133978,8.531622432050018,8.482020610630347,0.28795901882523317,0.30698590444680796,0.28779708691361894,1.0,10.0
working_memory,7,2,B,0.5,0.17923963366298384,0.20292117195358322,0.02368153829059938,11.895376101075879,11.552734874726932,9.455676379784611,9.290132241295881,0.22618405609804493,0.23210878454187645,0.2000613332537678,0.5,100.0
working_memory,7,3,B,0.1,0.3370505732049086,0.3312047060612855,-0.005845867143623118,11.083952270311949,11.109039035883576,9.4113187633821,9.426517868513601,0.21499999457049296,0.21577850338899557,0.16130315368310544,0.1,100.0
working_memory,7,4,B,0.5,0.26207862722721154,0.2858435627905204,0.023764935563308887,11.195278352499953,11.116973152496406,9.313906808192735,9.211177172643696,0.2867696472041,0.3075890034973622,0.2716934115799059,0.5,100.0
working_memory,8,0,B,0.5,0.19415815376736512,0.21313325843210218,0.018975104664737064,11.355771530133572,11.312123461639736,9.291422023319708,9.30249374751774,0.25951568583604223,0.27497698141889987,0.24430307373520027,0.5,100.0
working_memory,8,1,B,1.0,0.29530200342160984,0.3471377506858753,0.051835747264265486,11.190829296143317,10.690410541878151,9.338945023451698,8.749399429763505,0.2525073485595952,0.2736496694045526,0.24676018057515947,1.0,0.0
working_memory,8,2,A,0.0,0.42825225784860754,0.42825225784860754,0.0,10.195538659277771,10.195538659277771,8.157027984319317,8.157027984319317,0.12361978888829943,0.12361978888829943,0.09810129670195827,0.0,100.0
working_memory,8,3,A,0.0,0.2975654758095576,0.2975654758095576,0.0,12.478274589340174,12.478274589340174,10.075893940898965,10.075893940898965,0.2913570675950739,0.2913570675950739,0.26786485766193086,0.0,100.0
working_memory,8,4,A,0.0,0.2643798389413082,0.2643798389413082,0.0,11.284660862240159,11.284660862240159,9.100515057007394,9.100515057007394,0.17659285787428775,0.17659285787428775,0.12616608633757698,0.0,100.0
working_memory,9,0,B,0.5,0.47406812470724685,0.46863483875330453,-0.005433285953942324,10.98101198626193,11.081455890650203,8.773831249200779,8.938236832083602,0.18973362745952194,0.1941149254177966,0.1461980541183722,0.5,100.0
working_memory,9,1,A,0.0,0.18548700117193193,0.18548700117193193,0.0,11.546229928843273,11.546229928843273,9.319022844480632,9.319022844480632,0.2930974732989499,0.2930974732989499,0.26913941983739753,0.0,100.0
working_memory,9,2,B,0.5,0.26046010993862495,0.2699830924887891,0.00952298255016415,11.093588557508399,10.951149384789554,8.853924813364063,8.766817736153962,0.21026140339240387,0.2164756976438289,0.19673043329614054,0.5,100.0
working_memory,9,3,B,0.25,0.20357359268103706,0.19884364983512476,-0.004729942845912299,11.098623885644269,11.127198398856526,9.102409260069335,9.107499340887088,0.2744329489054657,0.276785176760162,0.24123255278976014,0.25,100.0
working_memory,9,4,B,0.5,0.18966359931472002,0.1944377691143374,0.004774169799617395,11.724154000269671,11.72961793087295,9.622520218766068,9.468679514764407,0.1989943463809862,0.20435950688650972,0.1715144213858431,0.5,100.0
fluid_intelligence,0,0,B,0.25,0.5078049710892826,0.5082450469795865,0.0004400758903039259,3.7680036998826796,3.7678509785651606,2.9164400666735126,2.9050799116547785,0.09516975304501077,0.09681534947326514,0.02922009173964671,0.25,100.0
fluid_intelligence,0,1,B,0.25,0.3810946470883656,0.3750641322044096,-0.006030514883956006,4.720386065571555,4.721804543949191,3.998494568166636,4.000197798715431,0.33644644470304186,0.3375368255653328,0.30693611805800575,0.25,100.0
fluid_intelligence,0,2,B,0.5,0.3368590979036066,0.30626806819255653,-0.030591029711050044,4.907362322426804,4.973460065157055,4.241545458594358,4.309907429397105,0.37095578193658035,0.37744154681437747,0.3649495091340208,0.5,10.0
fluid_intelligence,0,3,A,0.0,0.2219857722555099,0.2219857722555099,0.0,4.640919186671429,4.640919186671429,3.976671954473017,3.976671954473017,0.41560083878605225,0.41560083878605225,0.3958289913038003,0.0,100.0
fluid_intelligence,0,4,B,0.1,0.43011852387753713,0.433925162453092,0.003806638575554855,4.6394561929065015,4.63002916889699,3.6638097914409737,3.6600784377881834,0.3270618652658743,0.3291502787112119,0.32252882889536705,0.1,100.0
fluid_intelligence,1,0,B,0.1,0.24362888835743796,0.2340832192533032,-0.009545669104134763,4.5561161101615015,4.5757269670680865,3.633447370109785,3.6485422248400825,0.408118125758672,0.4084650234172525,0.4001227467807257,0.1,100.0
fluid_intelligence,1,1,A,0.0,0.392312455665611,0.392312455665611,0.0,4.28532945967981,4.28532945967981,3.5133593119522644,3.5133593119522644,0.3041118220603167,0.3041118220603167,0.276704751702497,0.0,0.0
fluid_intelligence,1,2,A,0.0,0.4390614872696734,0.4390614872696734,0.0,4.7706107535938,4.7706107535938,3.9773493541106624,3.9773493541106624,0.29265513054686054,0.29265513054686054,0.2865265167710079,0.0,100.0
fluid_intelligence,1,3,B,0.5,0.3174854544421238,0.32123210817941994,0.0037466537372961572,4.958782165627864,4.982909389946018,4.294080020758313,4.289222149983855,0.346028595206053,0.35190970952096046,0.33081578434418835,0.5,100.0
fluid_intelligence,1,4,B,0.25,0.33047676351150523,0.33413204965513754,0.003655286143632308,4.608582864118104,4.607353006107194,3.835270151945346,3.835093054610286,0.2888432193848567,0.2908164036160913,0.2647374868625713,0.25,100.0
fluid_intelligence,2,0,A,0.0,0.452172595829456,0.452172595829456,0.0,4.637389689978013,4.637389689978013,3.8528412543088213,3.8528412543088213,0.28258768612877605,0.28258768612877605,0.2605345395341524,0.0,0.0
fluid_intelligence,2,1,A,0.0,0.327743935586886,0.327743935586886,0.0,4.4951694711447,4.4951694711447,3.864645271919825,3.864645271919825,0.4313752569003295,0.4313752569003295,0.41467638806231555,0.0,0.0
fluid_intelligence,2,2,B,0.5,0.4343322072589925,0.4348463664610015,0.0005141592020089791,4.24168370762341,4.243795400703145,3.4728776693201024,3.535305536508168,0.2755049788428937,0.2982953011813224,0.2810347024411416,0.5,100.0
fluid_intelligence,2,3,A,0.0,0.4367764368117313,0.4367764368117313,0.0,4.566720654932367,4.566720654932367,3.716522645591028,3.716522645591028,0.25289352944973365,0.25289352944973365,0.2404298289809999,0.0,100.0
fluid_intelligence,2,4,B,1.0,0.36713611760470866,0.36200050938279416,-0.0051356082219145005,4.567640299282428,4.626556198387831,3.840145990710417,3.9086417748989972,0.3057165265025157,0.34817087701631866,0.32961963924875287,1.0,0.0
fluid_intelligence,3,0,A,0.0,0.24861303052611805,0.24861303052611805,0.0,4.759831389329506,4.759831389329506,4.0281566059598735,4.0281566059598735,0.4054789425126323,0.4054789425126323,0.3916326678484413,0.0,0.0
fluid_intelligence,3,1,B,0.1,0.36410336895898743,0.36442866558527875,0.00032529662629132705,4.541984749437563,4.5435364648840535,3.6380604059604025,3.638150689652287,0.34996493503724024,0.35224075053926707,0.3357558853228012,0.1,0.0
fluid_intelligence,3,2,A,0.0,0.39485890687913094,0.39485890687913094,0.0,4.427948963745986,4.427948963745986,3.523930227943065,3.523930227943065,0.2836022157183665,0.2836022157183665,0.2514526102513481,0.0,100.0
fluid_intelligence,3,3,B,1.0,0.441623267405485,0.41669524782169953,-0.024928019583785488,4.588306068250187,4.636429636405672,3.8404444624543013,3.8593978650285305,0.25020301627645036,0.2753880054939036,0.2564572011915077,1.0,10.0
fluid_intelligence,3,4,A,0.0,0.2645265137133498,0.2645265137133498,0.0,4.821296411003336,4.821296411003336,3.957502903114379,3.957502903114379,0.36580615660574645,0.36580615660574645,0.3513743076079211,0.0,0.0
fluid_intelligence,4,0,B,1.0,0.3722206445721284,0.3353992119199678,-0.03682143265216059,4.509378582798186,4.82036087573544,3.694621165271517,3.8219627981187614,0.28099042725530105,0.2972759866203383,0.27524935777439347,1.0,100.0
fluid_intelligence,4,1,B,0.5,0.36701442724102074,0.402922917922986,0.03590849068196528,4.326442430155863,4.2270569001042695,3.628802628291967,3.587056059809685,0.3298134849929206,0.33830247202887864,0.3056445797276536,0.5,100.0
fluid_intelligence,4,2,B,0.1,0.35037589273622927,0.3503945839876133,1.869125138403982e-05,4.578089102183271,4.578290497695898,3.7785630053935124,3.775795891914764,0.3163631204780325,0.3168128554757426,0.2800857582614466,0.1,100.0
fluid_intelligence,4,3,B,0.5,0.28847047488476807,0.20383717651396344,-0.08463329837080463,4.957658488432001,5.140103349423123,4.059187853548794,4.263177546653112,0.36578948108346154,0.3736135526174193,0.3404805075446742,0.5,0.0
fluid_intelligence,4,4,B,1.0,0.45924981578772006,0.4274882242964083,-0.03176159149131175,4.4755054276109085,4.5319650474398445,3.8064231861667497,3.7699101136035362,0.247305450874643,0.2883434894558736,0.2494916055559061,1.0,0.0
fluid_intelligence,5,0,A,0.0,0.3253810699184727,0.3253810699184727,0.0,4.64005525246659,4.64005525246659,3.8486101332421057,3.8486101332421057,0.34051809612286743,0.34051809612286743,0.33261583839225406,0.0,100.0
fluid_intelligence,5,1,B,0.1,0.3804314948248539,0.3828062896730935,0.002374794848239603,4.397100127951577,4.395509406430599,3.6238549019008124,3.6215518170962118,0.3201921646575796,0.3211258358425513,0.3029233745554015,0.1,100.0
fluid_intelligence,5,2,B,0.5,0.43969909365942444,0.4387979060346419,-0.000901187624782529,4.769106270326792,4.759290741897046,4.009520653028539,3.992693895040013,0.256820777728176,0.265237005403693,0.23632430408712368,0.5,10.0
fluid_intelligence,5,3,A,0.0,0.44828196133948073,0.44828196133948073,0.0,4.6130136064887575,4.6130136064887575,3.7285377576268903,3.7285377576268903,0.3393957937755056,0.3393957937755056,0.31095616033112744,0.0,100.0
fluid_intelligence,5,4,B,0.5,0.2568120676861931,0.21701548963182377,-0.039796578054369314,4.421592655324535,4.447592727835492,3.7407094970921784,3.7669287323333305,0.3628878941349417,0.36943849061709644,0.3285293181453724,0.5,100.0
fluid_intelligence,6,0,B,0.25,0.31519991501956657,0.3206833781302658,0.005483463110699249,4.313195215487629,4.305136536201615,3.580664378023649,3.593704135829575,0.39141014967086235,0.39767408107173385,0.372209780547785,0.25,1.0
fluid_intelligence,6,1,B,0.25,0.4449914620759502,0.43898848738567725,-0.006002974690272944,4.217631998561368,4.225107866329482,3.4950236548661477,3.4995315627823236,0.27978781527743785,0.28753276720188514,0.28534258440963595,0.25,0.1
fluid_intelligence,6,2,A,0.0,0.29011826868590695,0.29011826868590695,0.0,4.64670265462281,4.64670265462281,3.90091748767121,3.90091748767121,0.3123369083373863,0.3123369083373863,0.30487426652455585,0.0,100.0
fluid_intelligence,6,3,A,0.0,0.44388916968269393,0.44388916968269393,0.0,4.1814782321444515,4.1814782321444515,3.529380482577655,3.529380482577655,0.3430426239117375,0.3430426239117375,0.32798348006909384,0.0,0.0
fluid_intelligence,6,4,A,0.0,0.394889337422331,0.394889337422331,0.0,5.286155890705482,5.286155890705482,4.3199141158575545,4.3199141158575545,0.3411371907499474,0.3411371907499474,0.33367661400548465,0.0,0.0
fluid_intelligence,7,0,A,0.0,0.31182585582621636,0.31182585582621636,0.0,4.446810458184444,4.446810458184444,3.7554503304999587,3.7554503304999587,0.3123811915068504,0.3123811915068504,0.29870264541697833,0.0,100.0
fluid_intelligence,7,1,A,0.0,0.479515693070916,0.479515693070916,0.0,4.485292058773557,4.485292058773557,3.606587218704652,3.606587218704652,0.24001306965450137,0.24001306965450137,0.2162828292262164,0.0,0.0
fluid_intelligence,7,2,B,0.25,0.3627153046151437,0.35688767282674233,-0.005827631788401344,4.576822760477104,4.5915267631391705,3.818092556973815,3.8442914541492095,0.33724668204330027,0.34678997106790577,0.3265253566925512,0.25,10.0
fluid_intelligence,7,3,B,0.5,0.3546811825466583,0.34843371791210204,-0.006247464634556277,4.833162700613825,4.844380384515895,3.9812707196363233,3.9827764426809944,0.28071327387156364,0.29004894113528873,0.2739033691870878,0.5,10.0
fluid_intelligence,7,4,B,0.1,0.3076107222613897,0.3242372279773328,0.016626505715943096,4.49052195882734,4.458184988281261,3.7632777354846016,3.73873714144036,0.3311112795908451,0.33140454492590193,0.31164389317025976,0.1,100.0
fluid_intelligence,8,0,B,0.1,0.37099964623935133,0.3736956294453089,0.0026959832059575417,4.559609337546608,4.5490664100045946,3.8328709528391327,3.822720327767485,0.3779905729857822,0.3786126098086962,0.36646301776112633,0.1,10.0
fluid_intelligence,8,1,B,0.25,0.39710086641999487,0.38659853874249095,-0.01050232767750392,4.682732572691194,4.709320978958206,3.758395205946999,3.7647340631465513,0.28714138874322703,0.2923698878547121,0.266180721182083,0.25,100.0
fluid_intelligence,8,2,B,0.25,0.42320066694501074,0.42855182934373975,0.005351162398729015,4.450081937036113,4.441867328082036,3.615393383655837,3.607146050964291,0.28976822677347513,0.291922802605526,0.27250736695652805,0.25,100.0
fluid_intelligence,8,3,B,1.5,0.192478202801461,0.1743061880795499,-0.0181720147219111,4.603430282337959,4.735133788873794,3.9503984496266176,3.9443473760293486,0.31629433228969683,0.33422351298084957,0.3091962088295102,1.5,100.0
fluid_intelligence,8,4,B,0.5,0.34718493037388537,0.3616050451411905,0.014420114767305148,4.900316694218685,4.871704911643129,4.095020065285687,4.0306576797126885,0.3179179063087133,0.3226338958971774,0.29617902596672335,0.5,100.0
fluid_intelligence,9,0,A,0.0,0.4810091440511011,0.4810091440511011,0.0,4.477161584976402,4.477161584976402,3.775835422989935,3.775835422989935,0.30392835989776024,0.30392835989776024,0.2954470760039079,0.0,0.0
fluid_intelligence,9,1,B,1.0,0.3457546189957902,0.3258159787329087,-0.019938640262881502,4.799741536548538,4.7820466182572705,4.087473547737012,3.986031833949971,0.3001180460641537,0.31858467308054217,0.30873041985797367,1.0,0.0
fluid_intelligence,9,2,A,0.0,0.49728733437564515,0.49728733437564515,0.0,4.100308563332057,4.100308563332057,3.3986396922160176,3.3986396922160176,0.2668423126436644,0.2668423126436644,0.254421813998408,0.0,100.0
fluid_intelligence,9,3,B,0.5,0.4381173374097811,0.4118592718598211,-0.02625806554996002,4.490828205920571,4.548803344177773,3.6345791022190275,3.6747582162612367,0.32081912009537816,0.3408393150514569,0.327327443167579,0.5,10.0
fluid_intelligence,9,4,B,0.25,0.32664570497343504,0.32814257481829934,0.0014968698448643014,4.601012870818003,4.598161242108714,3.8293137386171505,3.8177145112886173,0.3713731506366751,0.3786719039627223,0.3472519543585419,0.25,100.0
