roi_id,roi_label,system,yeo_winning_id,n_voxels,overlap_fraction
1,Precentral_L,SM,2,3526,0.3740782756664776
2,Precentral_R,SM,2,3381,0.481810115350488
3,Frontal_Sup_L,DMN,7,3599,0.44540150041678245
4,Frontal_Sup_R,DMN,7,4056,0.3128698224852071
5,Frontal_Sup_Orb_L,LIMBIC,5,963,0.5825545171339563
6,Frontal_Sup_Orb_R,LIMBIC,5,997,0.5787362086258776
7,Frontal_Mid_L,FPN,6,4863,0.3927616697511824
8,Frontal_Mid_R,FPN,6,5104,0.6373432601880877
9,Frontal_Mid_Orb_L,FPN,6,888,0.43243243243243246
10,Frontal_Mid_Orb_R,FPN,6,1015,0.6413793103448275
11,Frontal_Inf_Oper_L,FPN,6,1038,0.3044315992292871
12,Frontal_Inf_Oper_R,FPN,6,1399,0.33738384560400286
13,Frontal_Inf_Tri_L,FPN,6,2529,0.4444444444444444
14,Frontal_Inf_Tri_R,FPN,6,2151,0.42538354253835425
15,Frontal_Inf_Orb_L,DMN,7,1690,0.5473372781065089
16,Frontal_Inf_Orb_R,DMN,7,1707,0.38195664909197424
17,Rolandic_Oper_L,SM,2,990,0.5949494949494949
18,Rolandic_Oper_R,SM,2,1331,0.5717505634861006
19,Supp_Motor_Area_L,VAN,4,2147,0.2775966464834653
20,Supp_Motor_Area_R,SM,2,2371,0.34162800506115565
21,Olfactory_L,LIMBIC,5,280,0.4035714285714286
22,Olfactory_R,LIMBIC,5,289,0.47750865051903113
23,Frontal_Sup_Medial_L,DMN,7,2992,0.6427139037433155
24,Frontal_Sup_Medial_R,DMN,7,2134,0.6902530459231491
25,Frontal_Med_Orb_L,DMN,7,719,0.6063977746870653
26,Frontal_Med_Orb_R,DMN,7,856,0.6273364485981309
27,Rectus_L,LIMBIC,5,852,0.8016431924882629
28,Rectus_R,LIMBIC,5,745,0.763758389261745
29,Insula_L,VAN,4,1858,0.5559741657696448
30,Insula_R,VAN,4,1770,0.5468926553672316
31,Cingulum_Ant_L,DMN,7,1400,0.605
32,Cingulum_Ant_R,DMN,7,1313,0.5818735719725818
33,Cingulum_Mid_L,VAN,4,1941,0.38794435857805254
34,Cingulum_Mid_R,VAN,4,2203,0.4212437585111212
35,Cingulum_Post_L,DMN,7,463,0.6695464362850972
36,Cingulum_Post_R,DMN,7,335,0.4716417910447761
37,Hippocampus_L,SUBCORTICAL,-1,932,1.0
38,Hippocampus_R,SUBCORTICAL,-1,946,1.0
39,ParaHippocampal_L,SUBCORTICAL,-1,978,1.0
40,ParaHippocampal_R,SUBCORTICAL,-1,1132,1.0
41,Amygdala_L,SUBCORTICAL,-1,220,1.0
42,Amygdala_R,SUBCORTICAL,-1,248,1.0
43,Calcarine_L,VIS,1,2258,0.8055801594331267
44,Calcarine_R,VIS,1,1861,0.7006985491671145
45,Cuneus_L,VIS,1,1526,0.6900393184796855
46,Cuneus_R,VIS,1,1424,0.8110955056179775
47,Lingual_L,VIS,1,2095,0.8610978520286396
48,Lingual_R,VIS,1,2300,0.8065217391304348
49,Occipital_Sup_L,VIS,1,1366,0.705710102489019
50,Occipital_Sup_R,VIS,1,1413,0.6164189667374381
51,Occipital_Mid_L,VIS,1,3270,0.5990825688073395
52,Occipital_Mid_R,VIS,1,2098,0.6534795042897998
53,Occipital_Inf_L,VIS,1,941,0.6418703506907545
54,Occipital_Inf_R,VIS,1,989,0.8483316481294236
55,Fusiform_L,VIS,1,2310,0.5034632034632035
56,Fusiform_R,VIS,1,2518,0.59054805401112
57,Postcentral_L,SM,2,3892,0.7171120246659815
58,Postcentral_R,SM,2,3823,0.5650013078733979
59,Parietal_Sup_L,DAN,3,2065,0.5806295399515738
60,Parietal_Sup_R,DAN,3,2222,0.7016201620162016
61,Parietal_Inf_L,FPN,6,2447,0.3923171230077646
62,Parietal_Inf_R,FPN,6,1345,0.566542750929368
63,SupraMarginal_L,VAN,4,1256,0.60828025477707
64,SupraMarginal_R,VAN,4,1974,0.461499493414387
65,Angular_L,DMN,7,1173,0.7860187553282183
66,Angular_R,DMN,7,1752,0.5639269406392694
67,Precuneus_L,DMN,7,3528,0.3191609977324263
68,Precuneus_R,DMN,7,3265,0.2750382848392037
69,Paracentral_Lobule_L,SM,2,1349,0.6515937731653076
70,Paracentral_Lobule_R,SM,2,836,0.6136363636363636
71,Caudate_L,SUBCORTICAL,-1,962,1.0
72,Caudate_R,SUBCORTICAL,-1,994,1.0
73,Putamen_L,SUBCORTICAL,-1,1009,1.0
74,Putamen_R,SUBCORTICAL,-1,1064,1.0
75,Pallidum_L,SUBCORTICAL,-1,293,1.0
76,Pallidum_R,SUBCORTICAL,-1,280,1.0
77,Thalamus_L,SUBCORTICAL,-1,1100,1.0
78,Thalamus_R,SUBCORTICAL,-1,1057,1.0
79,Heschl_L,SM,2,225,0.9377777777777778
80,Heschl_R,SM,2,249,0.9317269076305221
81,Temporal_Sup_L,SM,2,2296,0.6136759581881533
82,Temporal_Sup_R,SM,2,3141,0.5300859598853869
83,Temporal_Pole_Sup_L,LIMBIC,5,1285,0.4443579766536965
84,Temporal_Pole_Sup_R,LIMBIC,5,1338,0.3602391629297459
85,Temporal_Mid_L,DMN,7,4942,0.5706191825171996
86,Temporal_Mid_R,DMN,7,4409,0.40213200272170563
87,Temporal_Pole_Mid_L,LIMBIC,5,755,0.5589403973509933
88,Temporal_Pole_Mid_R,LIMBIC,5,1187,0.42375737152485254
89,Temporal_Inf_L,LIMBIC,5,3200,0.311875
90,Temporal_Inf_R,LIMBIC,5,3557,0.2673601349451785
91,Cerebelum_Crus1_L,CEREBELLAR,-2,2603,1.0
92,Cerebelum_Crus1_R,CEREBELLAR,-2,2648,1.0
93,Cerebelum_Crus2_L,CEREBELLAR,-2,1894,1.0
94,Cerebelum_Crus2_R,CEREBELLAR,-2,2117,1.0
95,Cerebelum_3_L,CEREBELLAR,-2,136,1.0
96,Cerebelum_3_R,CEREBELLAR,-2,207,1.0
97,Cerebelum_4_5_L,CEREBELLAR,-2,1125,1.0
98,Cerebelum_4_5_R,CEREBELLAR,-2,861,1.0
99,Cerebelum_6_L,CEREBELLAR,-2,1694,1.0
100,Cerebelum_6_R,CEREBELLAR,-2,1795,1.0
101,Cerebelum_7b_L,CEREBELLAR,-2,585,1.0
102,Cerebelum_7b_R,CEREBELLAR,-2,534,1.0
103,Cerebelum_8_L,CEREBELLAR,-2,1887,1.0
104,Cerebelum_8_R,CEREBELLAR,-2,2308,1.0
105,Cerebelum_9_L,CEREBELLAR,-2,869,1.0
106,Cerebelum_9_R,CEREBELLAR,-2,809,1.0
107,Cerebelum_10_L,CEREBELLAR,-2,144,1.0
108,Cerebelum_10_R,CEREBELLAR,-2,159,1.0
109,Vermis_1_2,CEREBELLAR,-2,53,1.0
110,Vermis_3,CEREBELLAR,-2,228,1.0
111,Vermis_4_5,CEREBELLAR,-2,665,1.0
112,Vermis_6,CEREBELLAR,-2,371,1.0
113,Vermis_7,CEREBELLAR,-2,194,1.0
114,Vermis_8,CEREBELLAR,-2,243,1.0
115,Vermis_9,CEREBELLAR,-2,174,1.0
116,Vermis_10,CEREBELLAR,-2,112,1.0
