seed,fold,model,r_WM,rmse_WM,mae_WM,r_FI,rmse_FI,mae_FI,alpha_WM,alpha_FI
4343,0,A0,0.33139011145594943,11.150536904626982,8.873219176908059,0.3462619169787975,5.034455960311019,4.403031922791007,0.0,0.0
4343,0,B0,0.33139011145594943,11.150536904626982,8.873219176908059,0.34414268541647475,5.053584692681965,4.411919868871871,0.0,0.25
4343,0,B1,0.2133703877276675,11.990308027394324,9.47775292300494,0.32365864305027875,5.136551914403591,4.461120694986142,0.5,0.5
4343,0,C0,0.33139011145594943,11.150536904626982,8.873219176908059,0.3462619169787975,5.034455960311019,4.403031922791007,0.0,0.0
4343,0,C1,0.24646712863327516,12.65374187579289,10.070418341940236,0.3462619169787975,5.034455960311019,4.403031922791007,1.0,0.0
4343,0,C2,0.31126014523794954,11.33659731417222,8.8537532232531,0.3805299950059695,4.980661576647713,4.309637715165972,1.0,0.5
4343,0,C3,0.30311926384008503,11.77401969766674,9.383170015975281,0.3462619169787975,5.034455960311019,4.403031922791007,0.75,0.0
4343,0,C4,0.29923456252822406,12.069445349303791,9.712949470209564,0.3462619169787975,5.034455960311019,4.403031922791007,1.0,0.0
4343,1,A0,0.43775422782331336,10.910762774939093,8.920531850608386,0.46250054245054584,4.352849246238028,3.598193267710058,0.0,0.0
4343,1,B0,0.408255636979876,11.046523500098713,9.109884899781129,0.4645809588559305,4.301339244661578,3.442573261766985,0.25,0.5
4343,1,B1,0.43763553893599133,10.900729212048926,8.94991118138058,0.4779995100238558,4.2822517880466275,3.4712761128650538,1.0,0.25
4343,1,C0,0.4055637316899377,12.214696080357031,10.601345249914614,0.42691782788081367,4.389832087457543,3.5098415871177484,0.75,0.25
4343,1,C1,0.42790560611748996,11.123484091142585,9.348448146292322,0.46250054245054584,4.352849246238028,3.598193267710058,0.5,0.0
4343,1,C2,0.4652389348889981,10.70788307084951,8.92228779383716,0.4445669713230021,4.354076443254219,3.5899497530453144,0.25,0.25
4343,1,C3,0.4498383605678483,10.80025790495486,8.942722813560716,0.4576612431088717,4.3229752346879975,3.5481545228605067,0.25,0.25
4343,1,C4,0.44789804548465384,10.851231337010653,8.873253747077532,0.4558482588957777,4.333947163417887,3.590355226108051,0.25,0.75
4343,2,A0,0.06218056705142484,11.339683653354294,8.687334459631728,0.2874680905023482,4.975691458349966,4.073859785099767,0.0,0.0
4343,2,B0,0.06218056705142484,11.339683653354294,8.687334459631728,0.3408491694033586,4.932994213374885,3.9456728672325068,0.0,0.5
4343,2,B1,0.06218056705142484,11.339683653354294,8.687334459631728,0.29780804988926546,4.983873477303981,4.043668013656585,0.0,0.25
4343,2,C0,0.06218056705142484,11.339683653354294,8.687334459631728,0.32049891096989097,4.926106359523493,4.0194179393267655,0.0,0.25
4343,2,C1,0.06218056705142484,11.339683653354294,8.687334459631728,0.28751722030844645,5.012186377476978,4.08612122021311,0.0,0.25
4343,2,C2,0.06218056705142484,11.339683653354294,8.687334459631728,0.2953462586580233,4.986496644445141,4.071578812962275,0.0,0.25
4343,2,C3,0.06218056705142484,11.339683653354294,8.687334459631728,0.31960753609709835,4.9407594966092345,3.991085918961708,0.0,0.5
4343,2,C4,0.06218056705142484,11.339683653354294,8.687334459631728,0.2280619660429984,5.156825933702887,4.213092052072941,0.0,0.25
4343,3,A0,0.08984305019057576,13.41294460055136,10.85996511318556,0.39361602843321064,4.2562613908515,3.49138017989542,0.0,0.0
4343,3,B0,0.08721483793298018,13.603573824684018,11.118529097998579,0.3874345858396923,4.3280815053881705,3.5892146293334033,0.25,0.25
4343,3,B1,0.08965018279580521,13.383783689046737,10.882385223462016,0.3606374346473694,4.377751639319921,3.5986743220177804,1.0,0.25
4343,3,C0,0.07589795276272304,13.708680600078068,11.18420447492105,0.3196121125943944,4.557241709496079,3.7576958976603594,0.25,0.5
4343,3,C1,0.14224603448771372,13.383784064680649,10.724246309757497,0.42897804364102615,4.382142269465167,3.5601310023411177,0.25,0.5
4343,3,C2,0.11122619288039227,13.316540689457058,10.772845457905687,0.4804754280509964,4.15698398937252,3.3973487907161966,0.25,1.0
4343,3,C3,0.1080253835153368,13.347952958723575,10.829858117677027,0.44117738924072997,4.244574425967787,3.481279586382365,0.25,1.0
4343,3,C4,0.14812455696767818,13.251496201340949,10.66130477891314,0.41411537561594725,4.330407914398085,3.4365179953095666,0.25,0.5
4343,4,A0,0.29830964996329806,10.092376332913958,8.438546562853967,0.4033141355685531,4.22719311752354,3.563345028665529,0.0,0.0
4343,4,B0,0.29830964996329806,10.092376332913958,8.438546562853967,0.41677315425403055,4.229774210153713,3.546646700131584,0.0,0.25
4343,4,B1,0.23194238852367283,11.152624724270298,9.237366959193315,0.39892304342186113,4.351128890504544,3.6197374430381726,0.25,0.25
4343,4,C0,0.29830964996329806,10.092376332913958,8.438546562853967,0.3987823786054648,4.287405687313412,3.605881749750878,0.0,0.25
4343,4,C1,0.303954931860152,10.171582969380461,8.486165032599427,0.4273635742359427,4.2523084900179695,3.628620680324634,0.5,0.75
4343,4,C2,0.3031396004633899,10.181587562312517,8.497909036502984,0.42805136671478866,4.246630931807357,3.6249170451902035,0.5,0.75
4343,4,C3,0.293828347002981,10.229247833294055,8.5250399238508,0.43931880621321573,4.204048150951322,3.5772823100262805,0.5,0.75
4343,4,C4,0.29503244839996007,10.252302215748513,8.526812232435176,0.43071587659228083,4.196283142226583,3.572821138180915,0.75,0.75
4444,0,A0,0.23879191559932275,10.93804144237897,8.82640675423305,0.4276693214857611,4.033711715735614,3.19167198066049,0.0,0.0
4444,0,B0,0.23879191559932275,10.93804144237897,8.82640675423305,0.40786864096237097,4.11326088675159,3.181928686395103,0.0,0.25
4444,0,B1,0.23879708726967616,10.953767927271176,8.847295926133947,0.3637613977800542,4.328321461721293,3.258651051999198,1.0,0.25
4444,0,C0,0.23879191559932275,10.93804144237897,8.82640675423305,0.35131282905666883,4.29529260759541,3.3404598139073034,0.0,0.25
4444,0,C1,0.23879191559932275,10.93804144237897,8.82640675423305,0.40924078604398545,4.102777348463954,3.2205361561476744,0.0,0.25
4444,0,C2,0.23879191559932275,10.93804144237897,8.82640675423305,0.4276693214857611,4.033711715735614,3.19167198066049,0.0,0.0
4444,0,C3,0.23879191559932275,10.93804144237897,8.82640675423305,0.44204403861987895,4.013976187005474,3.1470835059979496,0.0,0.25
4444,0,C4,0.23879191559932275,10.93804144237897,8.82640675423305,0.4274930706224128,4.029233494872423,3.206633910086718,0.0,1.0
4444,1,A0,0.38389166098465627,11.426201534889183,9.601295099297525,0.3014292650918337,4.628390377551379,3.7013002994616615,0.0,0.0
4444,1,B0,0.3582977142528929,11.655745021437497,9.880817083982473,0.2949577330143542,4.713574636432871,3.7528956884410607,0.25,0.25
4444,1,B1,0.3826497551638198,11.441549508983355,9.60077863399867,0.2834945979206901,4.756040955228471,3.759826322520462,1.0,0.25
4444,1,C0,0.38389166098465627,11.426201534889183,9.601295099297525,0.30344354905147414,4.664473960468315,3.688176881530242,0.0,0.25
4444,1,C1,0.36557003218134704,11.664011497150192,9.768134113181311,0.3014292650918337,4.628390377551379,3.7013002994616615,0.25,0.0
4444,1,C2,0.31400489897480766,11.957915516950292,10.103077774318546,0.3014292650918337,4.628390377551379,3.7013002994616615,0.25,0.0
4444,1,C3,0.38911751585677723,11.525763774211777,9.766344198815304,0.3014292650918337,4.628390377551379,3.7013002994616615,0.25,0.0
4444,1,C4,0.38441295349646015,11.609909257248765,9.94362906019997,0.2885052579375984,4.727521878996208,3.813373869601434,0.25,0.25
4444,2,A0,0.32421845402445204,10.75438172618423,8.246192646328755,0.4549302876571932,4.884394621089942,4.193605686144089,0.0,0.0
4444,2,B0,0.32421845402445204,10.75438172618423,8.246192646328755,0.4591255533899613,4.876855761306524,4.198489855670322,0.0,0.25
4444,2,B1,0.28316670969804253,11.424491797055913,8.835299258528105,0.4473475086038182,4.919264257818286,4.213280600997534,0.25,0.25
4444,2,C0,0.32421845402445204,10.75438172618423,8.246192646328755,0.3826828178859252,5.12111685440806,4.350906387158652,0.0,0.25
4444,2,C1,0.3298292569651077,10.787694840828822,8.325500068878688,0.4721253711780224,4.848260781746386,4.1355867483377455,0.5,0.5
4444,2,C2,0.33346366875399475,10.780991855413577,8.340536092107632,0.4651247359559142,4.871989513539906,4.141526621515822,0.5,0.75
4444,2,C3,0.34763323028780635,10.73134377485283,8.355184104375226,0.47521138277037894,4.840519626581634,4.136027695555811,0.75,0.5
4444,2,C4,0.3426128373439283,10.783894428914298,8.395295769459295,0.4661870492167684,4.867277483460073,4.173022693608826,1.0,1.0
4444,3,A0,0.19385748255760366,11.05293502636231,8.807588235284706,0.2574658762324125,4.773086355396894,4.183633458375971,0.0,0.0
4444,3,B0,0.19385748255760366,11.05293502636231,8.807588235284706,0.2574658762324125,4.773086355396894,4.183633458375971,0.0,0.0
4444,3,B1,0.19909752991577367,11.550077441035253,9.163204999736408,0.14512520293097717,4.989398686037489,4.3337258067790145,0.25,0.25
4444,3,C0,0.19385748255760366,11.05293502636231,8.807588235284706,0.2574658762324125,4.773086355396894,4.183633458375971,0.0,0.0
4444,3,C1,0.19317854701764853,11.13010505797213,8.832006513585343,0.2574658762324125,4.773086355396894,4.183633458375971,1.0,0.0
4444,3,C2,0.19405787975836183,11.213031811903285,8.770218167068585,0.2574658762324125,4.773086355396894,4.183633458375971,0.25,0.0
4444,3,C3,0.19346028040089192,11.12881791323277,8.831065926759976,0.2574658762324125,4.773086355396894,4.183633458375971,1.0,0.0
4444,3,C4,0.19385748255760366,11.05293502636231,8.807588235284706,0.2598595386957567,4.786770704339904,4.1870674806051875,0.0,0.25
4444,4,A0,0.38333977339855463,10.835560304635003,8.988566733775247,0.4767191691134089,4.292128542614373,3.611382668942004,0.0,0.0
4444,4,B0,0.38333977339855463,10.835560304635003,8.988566733775247,0.40701398137705586,4.502004046954986,3.7215406225203354,0.0,0.25
4444,4,B1,0.38333977339855463,10.835560304635003,8.988566733775247,0.4685620111838347,4.348511893251261,3.644228579012865,0.0,0.25
4444,4,C0,0.38333977339855463,10.835560304635003,8.988566733775247,0.4989980209409472,4.232432171376708,3.5648953873855094,0.0,0.25
4444,4,C1,0.38333977339855463,10.835560304635003,8.988566733775247,0.4979587267617073,4.235066279655107,3.5691254352454505,0.0,0.5
4444,4,C2,0.38333977339855463,10.835560304635003,8.988566733775247,0.48589963019229504,4.265735243156567,3.5867677126701194,0.0,0.25
4444,4,C3,0.38333977339855463,10.835560304635003,8.988566733775247,0.487767261426223,4.261305242814698,3.5994428629522393,0.0,0.25
4444,4,C4,0.33904758222590026,11.191804831145708,9.251874260821493,0.5047822679670059,4.217068229087962,3.576884165401814,0.25,0.25
4545,0,A0,0.30415506909948425,11.602815876828453,9.767850849803986,0.4400029425269477,4.464870960313742,3.803129017275833,0.0,0.0
4545,0,B0,0.16728560651561172,13.750661740512736,11.17452826855344,0.4400029425269477,4.464870960313742,3.803129017275833,0.75,0.0
4545,0,B1,0.17931859842167788,13.062232660470803,10.845073814823527,0.4418617059710254,4.454944840863479,3.79466519982581,1.0,1.0
4545,0,C0,0.27202752029616944,13.135017138554788,10.344955869627706,0.4400029425269477,4.464870960313742,3.803129017275833,0.5,0.0
4545,0,C1,0.11387146898268048,14.839167149994879,12.044508291828992,0.4400029425269477,4.464870960313742,3.803129017275833,1.0,0.0
4545,0,C2,0.2831065547528616,12.056381538052715,10.073304417103783,0.4400029425269477,4.464870960313742,3.803129017275833,1.0,0.0
4545,0,C3,0.15234444160220184,12.915601888493487,10.811993580627936,0.45126482784302724,4.4504117357863135,3.767321322468629,1.0,0.25
4545,0,C4,0.2454208878054632,12.315534606734111,10.379236941629626,0.44254297256206815,4.486017912154962,3.8215910681068697,1.0,0.25
4545,1,A0,0.2634878565588616,12.541951835543,10.078436568851696,0.2388483727601559,4.8654220372872015,4.018288604149387,0.0,0.0
4545,1,B0,0.2634878565588616,12.541951835543,10.078436568851696,0.2388483727601559,4.8654220372872015,4.018288604149387,0.0,0.0
4545,1,B1,0.2735336939912457,12.644612291168912,10.031461435777814,0.2296224161704618,4.938755945364912,4.066487706698389,0.75,0.5
4545,1,C0,0.2634878565588616,12.541951835543,10.078436568851696,0.2388483727601559,4.8654220372872015,4.018288604149387,0.0,0.0
4545,1,C1,0.2634878565588616,12.541951835543,10.078436568851696,0.22190744791758057,4.972902728979439,4.072439411934865,0.0,0.5
4545,1,C2,0.22676213263085,12.784602823612028,10.242407662037948,0.23142984601462852,4.908537775042715,4.043508789012009,0.5,0.25
4545,1,C3,0.2634878565588616,12.541951835543,10.078436568851696,0.24094518171461438,4.879389990656733,4.030995007542046,0.0,1.0
4545,1,C4,0.2229976481414526,12.860202741410909,10.223505638307135,0.2414414404931153,4.9453716169906805,4.07876578500571,1.0,0.75
4545,2,A0,0.3324857776470655,10.382909172877905,8.46742859012444,0.4776033937108305,4.262216422866321,3.646401194671461,0.0,0.0
4545,2,B0,0.3324857776470655,10.382909172877905,8.46742859012444,0.4179514398770468,4.443706818226624,3.697062061267455,0.0,0.5
4545,2,B1,0.34501205845454996,10.954107961497835,8.995077191685573,0.441312771008877,4.3736945654568995,3.6627150444339938,0.25,0.75
4545,2,C0,0.339523567677453,11.156972415993858,9.101097045057307,0.39135724248590076,4.4946638099064815,3.6789507827132275,0.25,0.25
4545,2,C1,0.34343160569747827,11.109741981542063,8.951110489147828,0.3597932113574435,4.895174686128884,3.9481281203448115,0.75,1.0
4545,2,C2,0.33373387306590346,10.58552638054488,8.567461241314943,0.3769154796099704,4.665261374823987,3.7958626606392096,0.25,0.75
4545,2,C3,0.3324857776470655,10.382909172877905,8.46742859012444,0.4277347105383843,4.401870340693905,3.6791933000378987,0.0,0.5
4545,2,C4,0.3324857776470655,10.382909172877905,8.46742859012444,0.325292060600834,4.921798408945236,3.928197906330166,0.0,0.5
4545,3,A0,0.20559582295633702,10.080153406122427,8.087280134816424,0.448358032944996,4.7092265135285745,3.97644456130255,0.0,0.0
4545,3,B0,0.20559582295633702,10.080153406122427,8.087280134816424,0.36308103252646656,4.9126329138610645,3.974162959707407,0.0,0.5
4545,3,B1,0.1955736566792646,10.191732932326547,8.210339410558777,0.341063452782119,4.931554593434696,4.180346488423758,0.25,0.25
4545,3,C0,0.20090069588461587,10.372665693895547,8.43375691542311,0.3378881280883156,4.991623772287529,4.138675450448876,0.25,0.5
4545,3,C1,0.20559582295633702,10.080153406122427,8.087280134816424,0.4036997602818888,4.769323046816704,3.9723361801767645,0.0,0.25
4545,3,C2,0.20559582295633702,10.080153406122427,8.087280134816424,0.38861329158987845,4.7988073998692,4.040727575140037,0.0,0.25
4545,3,C3,0.20559582295633702,10.080153406122427,8.087280134816424,0.3331337816525645,4.942985213754044,4.077956999283725,0.0,1.0
4545,3,C4,0.20559582295633702,10.080153406122427,8.087280134816424,0.37472065561379364,4.824199312218341,4.003360728404274,0.0,1.0
4545,4,A0,0.2772282449156808,11.495111097173378,8.962848703311867,0.42825950558318315,4.187125033695034,3.3260888023386923,0.0,0.0
4545,4,B0,0.2772282449156808,11.495111097173378,8.962848703311867,0.36243713179305653,4.40680532812796,3.307814191601398,0.0,0.25
4545,4,B1,0.2515902084021845,11.80026595864195,9.122405716404172,0.43610792247009517,4.171219395968246,3.3390806307427567,0.25,1.0
4545,4,C0,0.2772282449156808,11.495111097173378,8.962848703311867,0.4450030394179785,4.141355122495974,3.222915778700543,0.0,0.25
4545,4,C1,0.25542121107909266,11.788248072632864,9.080234187823878,0.4292769898722285,4.176868347507909,3.2713450573047247,0.25,0.25
4545,4,C2,0.2466353636987456,12.358913880941259,9.43173199956449,0.42825950558318315,4.187125033695034,3.3260888023386923,0.75,0.0
4545,4,C3,0.16165125772066313,12.40986031602053,9.798661019220692,0.42825950558318315,4.187125033695034,3.3260888023386923,0.25,0.0
4545,4,C4,0.2772282449156808,11.495111097173378,8.962848703311867,0.432232298423558,4.179467922372067,3.3474900851365366,0.0,1.0
4646,0,A0,0.18260152941477917,10.815897575529577,8.69304788499077,0.3119594036640668,4.873215544304678,3.977281883435744,0.0,0.0
4646,0,B0,0.18260152941477917,10.815897575529577,8.69304788499077,0.3245070604639374,4.880619392099249,3.9671765850925427,0.0,0.25
4646,0,B1,0.18142057582315183,10.79717448152628,8.664747011809828,0.3009370510035303,5.01079112140799,4.0530592168370765,1.0,0.25
4646,0,C0,0.18260152941477917,10.815897575529577,8.69304788499077,0.28237100747648236,4.9838082937584876,4.076783454586606,0.0,0.25
4646,0,C1,0.18260152941477917,10.815897575529577,8.69304788499077,0.2999321834264037,4.9370063498591,4.0231242775358735,0.0,0.25
4646,0,C2,0.18260152941477917,10.815897575529577,8.69304788499077,0.3174016220732882,4.876385053386221,3.9732697571664364,0.0,0.25
4646,0,C3,0.18260152941477917,10.815897575529577,8.69304788499077,0.30400147029207775,4.913006490742203,3.986014774357396,0.0,0.25
4646,0,C4,0.18260152941477917,10.815897575529577,8.69304788499077,0.24611505118040125,5.0843470023402135,4.182446454501229,0.0,0.25
4646,1,A0,0.28418407679978713,9.600189487530844,7.83875771623731,0.471469342634432,4.088417045009363,3.3560838018013213,0.0,0.0
4646,1,B0,0.29071557246343144,9.783190191073457,7.9035278305103756,0.4479939315250613,4.22089764784066,3.467277888023751,0.25,0.25
4646,1,B1,0.27687903947782316,11.130514481642395,8.953199427796301,0.487460253896071,4.045774697646565,3.3317881543557912,0.75,0.25
4646,1,C0,0.28418407679978713,9.600189487530844,7.83875771623731,0.471469342634432,4.088417045009363,3.3560838018013213,0.0,0.0
4646,1,C1,0.19736394637412666,10.592915335871638,8.554299329688783,0.4342380522752768,4.236733215146914,3.408327795389302,0.25,0.25
4646,1,C2,0.19751299526775112,10.62118900879697,8.613717205090055,0.3750229312798219,4.584215072901291,3.6195972967764902,0.25,0.5
4646,1,C3,0.19488019192791825,10.541524000574118,8.58311107639264,0.46016292336885517,4.161458740763935,3.3541663381561677,0.25,0.25
4646,1,C4,0.28418407679978713,9.600189487530844,7.83875771623731,0.518420501508197,3.962471617663953,3.237803323728157,0.0,0.75
4646,2,A0,0.19511009105789962,12.286449946871185,10.076209487078906,0.28948791202911917,4.533949248026669,3.8596989559602415,0.0,0.0
4646,2,B0,0.14882384954813307,13.066591058586555,10.932509299655107,0.2523623327570785,4.6631353409512855,3.9914105183497197,0.25,0.25
4646,2,B1,0.19511009105789962,12.286449946871185,10.076209487078906,0.27332708775955056,4.637534261609015,3.9686045989841863,0.0,1.0
4646,2,C0,0.19511009105789962,12.286449946871185,10.076209487078906,0.28948791202911917,4.533949248026669,3.8596989559602415,0.0,0.0
4646,2,C1,0.11856626250765044,13.58078525620166,10.954589377871422,0.28948791202911917,4.533949248026669,3.8596989559602415,0.25,0.0
4646,2,C2,0.19511009105789962,12.286449946871185,10.076209487078906,0.28376084532388973,4.558917317327261,3.871702630249692,0.0,1.0
4646,2,C3,0.19511009105789962,12.286449946871185,10.076209487078906,0.2849723111133536,4.554688228268079,3.8689574631860015,0.0,1.0
4646,2,C4,0.19511009105789962,12.286449946871185,10.076209487078906,0.2742744030532354,4.592304946010731,3.897156448913473,0.0,0.5
4646,3,A0,0.2338682836240542,13.14194325587806,10.850598219501633,0.33262327467917663,4.7473808013436996,4.050450124339674,0.0,0.0
4646,3,B0,0.2338682836240542,13.14194325587806,10.850598219501633,0.32249783714424496,4.782642443971069,3.992812426573009,0.0,0.25
4646,3,B1,0.21635804951228607,13.349796788274153,10.91198942690609,0.33989961544587427,4.753498677089698,4.003655015138673,0.25,0.25
4646,3,C0,0.2338682836240542,13.14194325587806,10.850598219501633,0.33262327467917663,4.7473808013436996,4.050450124339674,0.0,0.0
4646,3,C1,0.2338682836240542,13.14194325587806,10.850598219501633,0.3376262006319814,4.739992912670289,4.040199466850454,0.0,0.25
4646,3,C2,0.2338682836240542,13.14194325587806,10.850598219501633,0.3390839648870628,4.741906320343383,4.030609104346638,0.0,0.5
4646,3,C3,0.2338682836240542,13.14194325587806,10.850598219501633,0.3353531753330608,4.741896128078802,4.024171821684833,0.0,1.0
4646,3,C4,0.2338682836240542,13.14194325587806,10.850598219501633,0.3429971757169321,4.732265199990279,3.9835426759452583,0.0,0.25
4646,4,A0,0.2422283446182237,10.339952264783468,8.32179370672433,0.39411654480318664,4.712113604259626,3.860306957786608,0.0,0.0
4646,4,B0,0.2422283446182237,10.339952264783468,8.32179370672433,0.3835313637390803,4.719795380556485,3.8534757937346074,0.0,0.25
4646,4,B1,0.2479452624714191,10.438311618728754,8.476618935428547,0.382656793790045,4.7159527055643995,3.813064610740606,1.0,0.25
4646,4,C0,0.2422283446182237,10.339952264783468,8.32179370672433,0.3705229977518426,4.7374367134294095,3.8494223731949706,0.0,0.25
4646,4,C1,0.21214169120652507,10.72213605304796,8.693969652308702,0.35251258722862944,4.789956612552952,3.88297684718708,0.25,0.25
4646,4,C2,0.1595479119136598,11.173235627666518,8.909070783132387,0.39411654480318664,4.712113604259626,3.860306957786608,0.25,0.0
4646,4,C3,0.2422283446182237,10.339952264783468,8.32179370672433,0.39288246521135006,4.693685854160034,3.819898614898643,0.0,0.25
4646,4,C4,0.1684427610918369,10.930176029006637,8.615505696630956,0.39411654480318664,4.712113604259626,3.860306957786608,0.25,0.0
