roi_index,roi_label,system,winning_network,winning_overlap_fraction,n_voxels,overlap_VIS,overlap_SM,overlap_DATN,overlap_LIMBIC,overlap_FPN,overlap_DMN,overlap_VAS
1,Precentral_L,SM,SM,0.3741,3526,0,1319,811,105,0,332,78
2,Precentral_R,SM,SM,0.4818,3381,0,1629,442,228,0,166,0
3,Frontal_Sup_L,VAS,VAS,0.4454,3599,0,107,334,163,1,329,1603
4,Frontal_Sup_R,VAS,VAS,0.3129,4056,0,336,426,169,4,840,1269
5,Frontal_Sup_Orb_L,FPN,FPN,0.5826,963,0,0,0,0,561,56,162
6,Frontal_Sup_Orb_R,FPN,FPN,0.5787,997,0,0,0,0,577,247,7
7,Frontal_Mid_L,DMN,DMN,0.3928,4863,0,1,220,555,0,1910,1201
8,Frontal_Mid_R,DMN,DMN,0.6373,5104,0,26,170,447,0,3253,314
9,Frontal_Mid_Orb_L,DMN,DMN,0.4324,888,0,0,0,8,215,384,139
10,Frontal_Mid_Orb_R,DMN,DMN,0.6414,1015,0,0,0,0,149,651,40
11,Frontal_Inf_Oper_L,DMN,DMN,0.3044,1038,0,4,50,271,0,316,149
12,Frontal_Inf_Oper_R,DMN,DMN,0.3374,1399,0,4,275,314,0,472,15
13,Frontal_Inf_Tri_L,DMN,DMN,0.4444,2529,0,0,0,153,0,1124,682
14,Frontal_Inf_Tri_R,DMN,DMN,0.4254,2151,0,0,29,245,0,915,279
15,Frontal_Inf_Orb_L,VAS,VAS,0.5473,1690,0,0,0,14,351,122,925
16,Frontal_Inf_Orb_R,VAS,VAS,0.382,1707,0,1,0,33,277,260,652
17,Rolandic_Oper_L,SM,SM,0.5949,990,0,589,0,270,0,1,0
18,Rolandic_Oper_R,SM,SM,0.5718,1331,0,761,2,352,0,0,0
19,Supp_Motor_Area_L,LIMBIC,LIMBIC,0.2776,2147,0,533,32,596,0,202,309
20,Supp_Motor_Area_R,SM,SM,0.3416,2371,0,810,0,677,0,129,139
21,Olfactory_L,FPN,FPN,0.4036,280,0,0,0,0,113,0,10
22,Olfactory_R,FPN,FPN,0.4775,289,0,0,0,0,138,0,10
23,Frontal_Sup_Medial_L,VAS,VAS,0.6427,2992,0,0,0,40,1,300,1923
24,Frontal_Sup_Medial_R,VAS,VAS,0.6903,2134,0,0,0,12,3,223,1473
25,Frontal_Med_Orb_L,VAS,VAS,0.6064,719,0,0,0,0,153,0,436
26,Frontal_Med_Orb_R,VAS,VAS,0.6273,856,0,0,0,0,184,1,537
27,Rectus_L,FPN,FPN,0.8016,852,0,0,0,0,683,0,59
28,Rectus_R,FPN,FPN,0.7638,745,0,0,0,0,569,0,74
29,Insula_L,LIMBIC,LIMBIC,0.556,1858,0,241,0,1033,26,160,92
30,Insula_R,LIMBIC,LIMBIC,0.5469,1770,0,434,0,968,14,101,118
31,Cingulum_Ant_L,VAS,VAS,0.605,1400,0,0,0,190,27,185,847
32,Cingulum_Ant_R,VAS,VAS,0.5819,1313,0,0,0,116,2,219,764
33,Cingulum_Mid_L,LIMBIC,LIMBIC,0.3879,1941,0,375,1,753,0,99,506
34,Cingulum_Mid_R,LIMBIC,LIMBIC,0.4212,2203,0,337,8,928,0,372,335
35,Cingulum_Post_L,VAS,VAS,0.6695,463,0,0,0,0,0,10,310
36,Cingulum_Post_R,VAS,VAS,0.4716,335,0,0,0,0,0,15,158
37,Hippocampus_L,SUBCORTICAL,SUBCORTICAL,1.0,932,0,0,0,0,0,0,0
38,Hippocampus_R,SUBCORTICAL,SUBCORTICAL,1.0,946,0,0,0,0,0,0,0
39,ParaHippocampal_L,SUBCORTICAL,SUBCORTICAL,1.0,978,0,0,0,0,0,0,0
40,ParaHippocampal_R,SUBCORTICAL,SUBCORTICAL,1.0,1132,0,0,0,0,0,0,0
41,Amygdala_L,SUBCORTICAL,SUBCORTICAL,1.0,220,0,0,0,0,0,0,0
42,Amygdala_R,SUBCORTICAL,SUBCORTICAL,1.0,248,0,0,0,0,0,0,0
43,Calcarine_L,VIS,VIS,0.8056,2258,1819,0,0,0,0,0,151
44,Calcarine_R,VIS,VIS,0.7007,1861,1304,0,0,0,0,0,68
45,Cuneus_L,VIS,VIS,0.69,1526,1053,0,1,0,0,29,194
46,Cuneus_R,VIS,VIS,0.8111,1424,1155,0,3,0,0,59,22
47,Lingual_L,VIS,VIS,0.8611,2095,1804,0,0,0,0,0,1
48,Lingual_R,VIS,VIS,0.8065,2300,1855,0,0,0,0,0,10
49,Occipital_Sup_L,VIS,VIS,0.7057,1366,964,0,71,0,0,8,9
50,Occipital_Sup_R,VIS,VIS,0.6164,1413,871,0,159,0,0,32,0
51,Occipital_Mid_L,VIS,VIS,0.5991,3270,1959,0,470,0,0,37,196
52,Occipital_Mid_R,VIS,VIS,0.6535,2098,1371,0,417,0,0,27,55
53,Occipital_Inf_L,VIS,VIS,0.6419,941,604,0,105,0,0,1,0
54,Occipital_Inf_R,VIS,VIS,0.8483,989,839,0,0,0,0,0,0
55,Fusiform_L,VIS,VIS,0.5035,2310,1163,0,231,0,601,0,68
56,Fusiform_R,VIS,VIS,0.5905,2518,1487,0,82,0,712,0,5
57,Postcentral_L,SM,SM,0.7171,3892,0,2791,222,129,0,1,0
58,Postcentral_R,SM,SM,0.565,3823,0,2160,727,68,0,1,0
59,Parietal_Sup_L,DATN,DATN,0.5806,2065,53,281,1199,0,0,156,12
60,Parietal_Sup_R,DATN,DATN,0.7016,2222,75,46,1559,9,0,106,0
61,Parietal_Inf_L,DMN,DMN,0.3923,2447,2,56,903,46,0,960,298
62,Parietal_Inf_R,DMN,DMN,0.5665,1345,0,0,351,0,0,762,180
63,SupraMarginal_L,LIMBIC,LIMBIC,0.6083,1256,0,50,120,764,0,7,130
64,SupraMarginal_R,LIMBIC,LIMBIC,0.4615,1974,0,32,169,911,0,428,179
65,Angular_L,VAS,VAS,0.786,1173,0,0,9,0,0,62,922
66,Angular_R,VAS,VAS,0.5639,1752,0,0,166,0,0,332,988
67,Precuneus_L,VAS,VAS,0.3192,3528,62,320,751,223,0,343,1126
68,Precuneus_R,VAS,VAS,0.275,3265,173,35,886,142,0,438,898
69,Paracentral_Lobule_L,SM,SM,0.6516,1349,0,879,0,2,0,0,0
70,Paracentral_Lobule_R,SM,SM,0.6136,836,0,513,6,70,0,0,0
71,Caudate_L,SUBCORTICAL,SUBCORTICAL,1.0,962,0,0,0,0,0,0,0
72,Caudate_R,SUBCORTICAL,SUBCORTICAL,1.0,994,0,0,0,0,0,0,0
73,Putamen_L,SUBCORTICAL,SUBCORTICAL,1.0,1009,0,0,0,0,0,0,0
74,Putamen_R,SUBCORTICAL,SUBCORTICAL,1.0,1064,0,0,0,0,0,0,0
75,Pallidum_L,SUBCORTICAL,SUBCORTICAL,1.0,293,0,0,0,0,0,0,0
76,Pallidum_R,SUBCORTICAL,SUBCORTICAL,1.0,280,0,0,0,0,0,0,0
77,Thalamus_L,SUBCORTICAL,SUBCORTICAL,1.0,1100,0,0,0,0,0,0,0
78,Thalamus_R,SUBCORTICAL,SUBCORTICAL,1.0,1057,0,0,0,0,0,0,0
79,Heschl_L,SM,SM,0.9378,225,0,211,0,6,0,0,0
80,Heschl_R,SM,SM,0.9317,249,0,232,0,0,0,0,0
81,Temporal_Sup_L,SM,SM,0.6137,2296,0,1409,0,402,13,0,288
82,Temporal_Sup_R,SM,SM,0.5301,3141,0,1665,0,427,0,2,565
83,Temporal_Pole_Sup_L,FPN,FPN,0.4444,1285,0,62,0,84,571,1,242
84,Temporal_Pole_Sup_R,FPN,FPN,0.3602,1338,0,212,0,47,482,0,197
85,Temporal_Mid_L,VAS,VAS,0.5706,4942,103,211,608,254,2,177,2820
86,Temporal_Mid_R,VAS,VAS,0.4021,4409,525,62,761,289,0,323,1773
87,Temporal_Pole_Mid_L,FPN,FPN,0.5589,755,0,0,0,0,422,0,199
88,Temporal_Pole_Mid_R,FPN,FPN,0.4238,1187,0,0,0,0,503,0,314
89,Temporal_Inf_L,FPN,FPN,0.3119,3200,30,0,666,0,998,465,571
90,Temporal_Inf_R,FPN,FPN,0.2674,3557,399,0,827,0,951,457,363
91,Cerebelum_Crus1_L,CEREBELLAR,CEREBELLAR,1.0,2603,0,0,0,0,0,0,0
92,Cerebelum_Crus1_R,CEREBELLAR,CEREBELLAR,1.0,2648,0,0,0,0,0,0,0
93,Cerebelum_Crus2_L,CEREBELLAR,CEREBELLAR,1.0,1894,0,0,0,0,0,0,0
94,Cerebelum_Crus2_R,CEREBELLAR,CEREBELLAR,1.0,2117,0,0,0,0,0,0,0
95,Cerebelum_3_L,CEREBELLAR,CEREBELLAR,1.0,136,0,0,0,0,0,0,0
96,Cerebelum_3_R,CEREBELLAR,CEREBELLAR,1.0,207,0,0,0,0,0,0,0
97,Cerebelum_4_5_L,CEREBELLAR,CEREBELLAR,1.0,1125,0,0,0,0,0,0,0
98,Cerebelum_4_5_R,CEREBELLAR,CEREBELLAR,1.0,861,0,0,0,0,0,0,0
99,Cerebelum_6_L,CEREBELLAR,CEREBELLAR,1.0,1694,0,0,0,0,0,0,0
100,Cerebelum_6_R,CEREBELLAR,CEREBELLAR,1.0,1795,0,0,0,0,0,0,0
101,Cerebelum_7b_L,CEREBELLAR,CEREBELLAR,1.0,585,0,0,0,0,0,0,0
102,Cerebelum_7b_R,CEREBELLAR,CEREBELLAR,1.0,534,0,0,0,0,0,0,0
103,Cerebelum_8_L,CEREBELLAR,CEREBELLAR,1.0,1887,0,0,0,0,0,0,0
104,Cerebelum_8_R,CEREBELLAR,CEREBELLAR,1.0,2308,0,0,0,0,0,0,0
105,Cerebelum_9_L,CEREBELLAR,CEREBELLAR,1.0,869,0,0,0,0,0,0,0
106,Cerebelum_9_R,CEREBELLAR,CEREBELLAR,1.0,809,0,0,0,0,0,0,0
107,Cerebelum_10_L,CEREBELLAR,CEREBELLAR,1.0,144,0,0,0,0,0,0,0
108,Cerebelum_10_R,CEREBELLAR,CEREBELLAR,1.0,159,0,0,0,0,0,0,0
109,Vermis_1_2,CEREBELLAR,CEREBELLAR,1.0,53,0,0,0,0,0,0,0
110,Vermis_3,CEREBELLAR,CEREBELLAR,1.0,228,0,0,0,0,0,0,0
111,Vermis_4_5,CEREBELLAR,CEREBELLAR,1.0,665,0,0,0,0,0,0,0
112,Vermis_6,CEREBELLAR,CEREBELLAR,1.0,371,0,0,0,0,0,0,0
113,Vermis_7,CEREBELLAR,CEREBELLAR,1.0,194,0,0,0,0,0,0,0
114,Vermis_8,CEREBELLAR,CEREBELLAR,1.0,243,0,0,0,0,0,0,0
115,Vermis_9,CEREBELLAR,CEREBELLAR,1.0,174,0,0,0,0,0,0,0
116,Vermis_10,CEREBELLAR,CEREBELLAR,1.0,112,0,0,0,0,0,0,0
